,date,prices,sentiment
0,2019-01-01,3843.52001953125,0.0
1,2019-01-02,3943.409423828125,-0.9739031791687012
2,2019-01-03,3836.7412109375,0.0
3,2019-01-04,3857.717529296875,-0.8421764373779297
4,2019-01-05,3845.194580078125,0.0
5,2019-01-06,4076.632568359375,0.0
6,2019-01-07,4025.248291015625,0.9296048283576964
7,2019-01-08,4030.847900390625,0.0
8,2019-01-09,4035.29638671875,0.5313822627067566
9,2019-01-10,3678.924560546875,-0.9635329842567444
10,2019-01-11,3687.365478515625,-0.795876145362854
11,2019-01-12,3661.301025390625,0.7521030306816101
12,2019-01-13,3552.953125,0.0
13,2019-01-14,3706.05224609375,0.0
14,2019-01-15,3630.67529296875,-0.9577580094337464
15,2019-01-16,3655.0068359375,-0.9510596990585328
16,2019-01-17,3678.56396484375,0.0
17,2019-01-18,3657.83935546875,0.0
18,2019-01-19,3728.568359375,0.0
19,2019-01-20,3601.013671875,0.0
20,2019-01-21,3576.032470703125,-0.8954270482063293
21,2019-01-22,3604.5771484375,-0.7722862958908081
22,2019-01-23,3585.123046875,-0.9563550353050232
23,2019-01-24,3600.865478515625,0.8452339768409729
24,2019-01-25,3599.765869140625,0.9024938344955444
25,2019-01-26,3602.46044921875,0.8765278458595276
26,2019-01-27,3583.9658203125,0.0
27,2019-01-28,3470.450439453125,-0.9529044032096864
28,2019-01-29,3448.116943359375,-0.525062620639801
29,2019-01-30,3486.181640625,0.0
30,2019-01-31,3457.792724609375,0.836739182472229
31,2019-02-01,3487.9453125,0.0
32,2019-02-02,3521.060791015625,-0.8691341280937195
33,2019-02-03,3464.013427734375,0.0
34,2019-02-04,3459.154052734375,0.854590654373169
35,2019-02-06,3413.767822265625,0.0
36,2019-02-07,3399.4716796875,0.0
37,2019-02-08,3666.7802734375,0.5050879120826721
38,2019-02-09,3671.20361328125,0.0
39,2019-02-10,3690.188232421875,0.0
40,2019-02-12,3653.528564453125,-0.9465833902359008
41,2019-02-13,3632.070556640625,0.0
42,2019-02-14,3616.880859375,0.0
43,2019-02-15,3620.810791015625,0.0
44,2019-02-16,3629.78759765625,0.0
45,2019-02-17,3673.836181640625,0.0
46,2019-02-18,3915.71435546875,0.0
47,2019-02-19,3947.094482421875,-0.9738969802856444
48,2019-02-20,3999.820556640625,0.8396511673927307
49,2019-02-21,3954.1181640625,-0.9285836219787598
50,2019-02-22,4005.526611328125,0.8345688581466675
51,2019-02-23,4142.52685546875,0.0
52,2019-02-24,3810.427490234375,0.9007101058959961
53,2019-02-25,3882.6962890625,0.5324249267578125
54,2019-02-26,3854.35791015625,-0.907905638217926
55,2019-02-27,3851.04736328125,0.0
56,2019-02-28,3854.785400390625,0.5767883658409119
57,2019-03-01,3859.583740234375,0.0
58,2019-03-02,3864.4150390625,0.0
59,2019-03-03,3847.17578125,0.0
60,2019-03-04,3761.55712890625,0.0
61,2019-03-05,3896.375,0.897527813911438
62,2019-03-06,3903.942626953125,0.0
63,2019-03-07,3911.484375,-0.7844769358634949
64,2019-03-08,3901.131591796875,-0.922375738620758
65,2019-03-09,3963.313720703125,0.0
66,2019-03-10,3951.599853515625,0.0
67,2019-03-11,3905.227294921875,0.9259562492370604
68,2019-03-12,3909.15625,0.6424586176872253
69,2019-03-13,3906.71728515625,-0.943838596343994
70,2019-03-14,3924.369140625,-0.8450869917869568
71,2019-03-15,3960.9111328125,0.9188756942749025
72,2019-03-16,4048.725830078125,0.0
73,2019-03-17,4025.22900390625,0.0
74,2019-03-18,4032.50732421875,0.0
75,2019-03-19,4071.190185546875,-0.972353994846344
76,2019-03-20,4087.476318359375,0.7583786845207214
77,2019-03-21,4029.326904296875,0.8002959489822388
78,2019-03-22,4023.96826171875,0.6365923881530762
79,2019-03-23,4035.826416015625,0.0
80,2019-03-24,4022.168212890625,0.593329131603241
81,2019-03-25,3963.070556640625,-0.878716766834259
82,2019-03-26,3985.080810546875,-0.7215250134468079
83,2019-03-28,4069.107177734375,0.0
84,2019-03-29,4098.37451171875,0.0
85,2019-03-30,4106.66015625,0.0
86,2019-03-31,4105.404296875,0.9490411281585692
87,2019-04-01,4158.18310546875,0.9484758973121644
88,2019-04-02,4879.8779296875,0.927267611026764
89,2019-04-03,4973.02197265625,0.0
90,2019-04-04,4922.798828125,-0.9676456451416016
91,2019-04-05,5036.68115234375,0.0
92,2019-04-06,5059.8173828125,-0.8181415796279907
93,2019-04-07,5198.89697265625,0.0
94,2019-04-08,5289.77099609375,0.0
95,2019-04-09,5204.95849609375,0.9439645409584044
96,2019-04-10,5324.5517578125,0.0
97,2019-04-11,5064.48779296875,-0.96171897649765
98,2019-04-12,5089.5390625,-0.7025336623191833
99,2019-04-13,5096.58642578125,0.0
100,2019-04-14,5167.72216796875,0.0
101,2019-04-15,5067.1083984375,0.0
102,2019-04-16,5235.5595703125,-0.8761882781982422
103,2019-04-17,5251.93798828125,-0.4107584953308105
104,2019-04-18,5298.3857421875,0.9260751008987428
105,2019-04-19,5303.8125,0.580214262008667
106,2019-04-20,5337.88623046875,0.0
107,2019-04-21,5314.53125,0.0
108,2019-04-22,5399.365234375,0.0
109,2019-04-23,5572.3623046875,0.9363353848457336
110,2019-04-24,5464.86669921875,0.0
111,2019-04-25,5210.515625,-0.9268446564674376
112,2019-04-26,5279.34814453125,-0.8585739731788635
113,2019-04-27,5268.291015625,0.0
114,2019-04-28,5285.13916015625,0.0
115,2019-04-29,5247.3525390625,0.0
116,2019-04-30,5350.7265625,0.0
117,2019-05-01,5402.697265625,0.955507218837738
118,2019-05-02,5505.28369140625,0.9300889372825624
119,2019-05-03,5768.28955078125,0.8145971298217773
120,2019-05-04,5831.16748046875,0.0
121,2019-05-05,5795.70849609375,0.0
122,2019-05-06,5746.80712890625,0.6239659190177917
123,2019-05-07,5829.50146484375,0.78279048204422
124,2019-05-08,5982.45751953125,0.0
125,2019-05-09,6174.52880859375,0.9425356984138488
126,2019-05-10,6378.84912109375,0.9183841347694396
127,2019-05-11,7204.771484375,0.0
128,2019-05-12,6972.37158203125,0.947634756565094
129,2019-05-13,7814.9150390625,0.945226788520813
130,2019-05-14,7994.416015625,0.0
131,2019-05-15,8205.16796875,-0.9620308876037598
132,2019-05-16,7884.9091796875,0.0
133,2019-05-17,7343.8955078125,-0.9718928933143616
134,2019-05-18,7271.2080078125,0.0
135,2019-05-19,8197.689453125,0.0
136,2019-05-20,7978.30908203125,0.0
137,2019-05-21,7963.32763671875,0.9448117017745972
138,2019-05-22,7680.06640625,-0.5748839974403381
139,2019-05-23,7881.8466796875,0.0
140,2019-05-24,7987.37158203125,-0.6549875140190125
141,2019-05-25,8052.5439453125,-0.8396868705749512
142,2019-05-26,8673.2158203125,0.0
143,2019-05-27,8805.7783203125,-0.7633113265037537
144,2019-05-28,8719.9619140625,0.0
145,2019-05-29,8659.4873046875,-0.9108914732933044
146,2019-05-30,8319.47265625,-0.9672045111656188
147,2019-05-31,8574.501953125,0.9424652457237244
148,2019-06-01,8564.0166015625,0.9456859827041626
149,2019-06-02,8742.9580078125,0.6566802263259888
150,2019-06-03,8208.9951171875,0.9078595638275146
151,2019-06-04,7707.77099609375,-0.9701711535453796
152,2019-06-05,7824.2314453125,0.0
153,2019-06-06,7822.0234375,0.9018542170524596
154,2019-06-07,8043.951171875,0.8842136263847351
155,2019-06-08,7954.1279296875,0.0
156,2019-06-09,7688.0771484375,0.0
157,2019-06-10,8000.32958984375,0.0
158,2019-06-11,7927.71435546875,0.0
159,2019-06-12,8145.857421875,-0.9598744511604308
160,2019-06-13,8230.923828125,0.0
161,2019-06-14,8693.8330078125,-0.8787222504615784
162,2019-06-15,8838.375,0.0
163,2019-06-16,8994.48828125,0.943633794784546
164,2019-06-17,9320.3525390625,0.4817902445793152
165,2019-06-18,9081.7626953125,-0.8507398366928101
166,2019-06-19,9273.521484375,0.9047503471374512
167,2019-06-20,9527.16015625,0.0
168,2019-06-21,10144.556640625,0.0
169,2019-06-22,10701.69140625,0.0
170,2019-06-23,10855.37109375,0.0
171,2019-06-24,11011.1025390625,0.9484391808509828
172,2019-06-26,13016.2314453125,0.9331933259963988
173,2019-06-27,11182.806640625,0.6177941560745239
174,2019-06-28,12407.33203125,-0.9726290106773376
175,2019-06-29,11959.37109375,0.0
176,2019-06-30,10817.1552734375,0.8023017048835754
177,2019-07-01,10583.134765625,0.6560462117195129
178,2019-07-02,10801.677734375,-0.9654129147529602
179,2019-07-03,11961.26953125,-0.5882472991943359
180,2019-07-04,11215.4375,0.0
181,2019-07-05,10978.4599609375,0.6614823341369629
182,2019-07-06,11208.55078125,0.8493040204048157
183,2019-07-07,11450.8466796875,0.0
184,2019-07-08,12285.9580078125,0.0
185,2019-07-09,12573.8125,-0.5099500417709351
186,2019-07-10,12156.5126953125,0.9486247301101683
187,2019-07-11,11358.662109375,-0.9561554193496704
188,2019-07-12,11815.986328125,0.0
189,2019-07-13,11392.37890625,0.0
190,2019-07-14,10256.05859375,-0.9352961778640748
191,2019-07-15,10895.08984375,0.0
192,2019-07-16,9477.6416015625,-0.6028344035148621
193,2019-07-17,9693.802734375,-0.9367429614067078
194,2019-07-18,10666.482421875,0.93317711353302
195,2019-07-19,10530.732421875,0.0
196,2019-07-20,10767.1396484375,0.755052924156189
197,2019-07-21,10599.10546875,0.0
198,2019-07-22,10343.1064453125,0.0
199,2019-07-23,9900.767578125,-0.972385823726654
200,2019-07-24,9811.92578125,0.9360619187355042
201,2019-07-25,9911.841796875,0.0
202,2019-07-26,9870.3037109375,0.0
203,2019-07-27,9477.677734375,0.7749245166778564
204,2019-07-28,9552.8603515625,0.0
205,2019-07-29,9519.1455078125,0.0
206,2019-07-30,9607.423828125,0.0
207,2019-07-31,10085.6279296875,0.0
208,2019-08-01,10399.6689453125,0.9462931752204896
209,2019-08-02,10518.1748046875,0.0
210,2019-08-03,10821.7265625,0.0
211,2019-08-04,10970.1845703125,0.0
212,2019-08-05,11805.6533203125,0.8578325510025024
213,2019-08-06,11478.1689453125,-0.739635705947876
214,2019-08-07,11941.96875,0.0
215,2019-08-08,11966.4072265625,0.8736128807067871
216,2019-08-09,11862.9365234375,0.0
217,2019-08-10,11354.0244140625,-0.8997979164123535
218,2019-08-11,11523.5791015625,0.0
219,2019-08-12,11382.6162109375,-0.827896773815155
220,2019-08-13,10895.830078125,-0.9359979033470154
221,2019-08-14,10051.7041015625,0.0
222,2019-08-15,10311.5458984375,0.0
223,2019-08-16,10374.3388671875,0.0
224,2019-08-17,10231.744140625,0.0
225,2019-08-18,10345.810546875,0.0
226,2019-08-19,10916.0537109375,0.0
227,2019-08-20,10763.232421875,0.7853497862815857
228,2019-08-21,10138.0498046875,0.0
229,2019-08-22,10131.0556640625,0.0
230,2019-08-23,10407.96484375,0.0
231,2019-08-24,10159.9609375,0.0
232,2019-08-25,10138.517578125,0.0
233,2019-08-26,10370.8203125,-0.8086745142936707
234,2019-08-27,10185.5,-0.8181064128875732
235,2019-08-28,9754.4228515625,0.0
236,2019-08-29,9510.2001953125,-0.9726032614707948
237,2019-08-30,9598.173828125,-0.9751104712486268
238,2019-08-31,9630.6640625,-0.8024895787239075
239,2019-09-01,9757.970703125,0.4947345852851867
240,2019-09-02,10346.7607421875,-0.9166892766952516
241,2019-09-03,10623.5400390625,0.0
242,2019-09-05,10575.533203125,0.0
243,2019-09-06,10353.302734375,-0.6220275163650513
244,2019-09-07,10517.2548828125,0.0
245,2019-09-08,10441.2763671875,0.0
246,2019-09-09,10334.974609375,0.0
247,2019-09-10,10115.9755859375,-0.96416038274765
248,2019-09-11,10178.3720703125,0.0
249,2019-09-12,10410.126953125,0.6153924465179443
250,2019-09-13,10360.546875,0.8426976203918457
251,2019-09-14,10358.048828125,0.0
252,2019-09-15,10347.712890625,0.0
253,2019-09-16,10276.7939453125,0.0
254,2019-09-17,10241.2724609375,-0.8991154432296753
255,2019-09-18,10198.248046875,0.6873028874397278
256,2019-09-19,10266.4150390625,0.0
257,2019-09-20,10181.6416015625,0.0
258,2019-09-21,10019.716796875,0.0
259,2019-09-22,10070.392578125,0.7320605516433716
260,2019-09-23,9729.32421875,0.8455183506011963
261,2019-09-24,8620.56640625,-0.8616348505020142
262,2019-09-25,8486.9931640625,-0.8751876354217529
263,2019-09-26,8118.9677734375,0.6193177103996277
264,2019-09-27,8251.845703125,-0.9160447120666504
265,2019-09-28,8245.9150390625,0.9271618127822876
266,2019-09-29,8104.185546875,0.0
267,2019-09-30,8293.8681640625,0.9508245587348938
268,2019-10-01,8343.2763671875,0.0
269,2019-10-02,8393.0419921875,-0.9740859270095824
270,2019-10-03,8259.9921875,0.0
271,2019-10-04,8205.939453125,0.0
272,2019-10-05,8151.50048828125,0.9439252614974976
273,2019-10-06,7988.15576171875,0.0
274,2019-10-07,8245.623046875,0.799408495426178
275,2019-10-08,8228.783203125,0.0
276,2019-10-09,8595.740234375,0.926190972328186
277,2019-10-10,8586.4736328125,0.8622006773948669
278,2019-10-11,8321.7568359375,0.0
279,2019-10-12,8336.5556640625,0.0
280,2019-10-13,8321.005859375,0.0
281,2019-10-14,8374.6865234375,0.9486358165740968
282,2019-10-15,8205.369140625,0.8331155776977539
283,2019-10-16,8047.52685546875,-0.853892982006073
284,2019-10-17,8103.9111328125,-0.9710447788238524
285,2019-10-18,7973.20751953125,0.0
286,2019-10-19,7988.560546875,0.5041796565055847
287,2019-10-20,8222.078125,0.0
288,2019-10-21,8243.720703125,0.8383511900901794
289,2019-10-22,8078.203125,0.5592657327651978
290,2019-10-23,7514.671875,-0.9697685837745668
291,2019-10-24,7493.48876953125,0.0
292,2019-10-26,9244.97265625,0.7910166382789612
293,2019-10-27,9551.71484375,0.645195722579956
294,2019-10-28,9256.1484375,0.0
295,2019-10-29,9427.6875,0.8900482654571533
296,2019-10-30,9205.7265625,0.0
297,2019-10-31,9199.5849609375,0.0
298,2019-11-01,9261.1044921875,0.0
299,2019-11-02,9324.7177734375,0.0
300,2019-11-03,9235.3544921875,-0.9326052665710448
301,2019-11-04,9412.6123046875,0.0
302,2019-11-05,9342.52734375,0.9402593970298768
303,2019-11-07,9267.5615234375,0.9255430102348328
304,2019-11-08,8804.880859375,0.0
305,2019-11-09,8813.58203125,0.0
306,2019-11-10,9055.5263671875,0.0
307,2019-11-11,8757.7880859375,0.0
308,2019-11-12,8815.662109375,0.5878909230232239
309,2019-11-13,8808.2626953125,0.0
310,2019-11-14,8708.0947265625,-0.5675222873687744
311,2019-11-15,8491.9921875,-0.9384407997131348
312,2019-11-16,8550.7607421875,0.0
313,2019-11-17,8577.9755859375,0.0
314,2019-11-18,8309.2861328125,-0.9738227128982544
315,2019-11-19,8206.1455078125,0.0
316,2019-11-20,8027.26806640625,0.9101311564445496
317,2019-11-21,7642.75,0.0
318,2019-11-22,7296.57763671875,0.0
319,2019-11-23,7397.796875,0.0
320,2019-11-24,7047.9169921875,0.0
321,2019-11-25,7146.1337890625,-0.8840773105621338
322,2019-11-26,7218.37109375,0.0
323,2019-11-27,7531.66357421875,0.0
324,2019-11-28,7463.10595703125,0.0
325,2019-11-29,7761.24365234375,-0.964513659477234
326,2019-11-30,7569.6298828125,0.0
327,2019-12-01,7424.29248046875,0.0
328,2019-12-02,7321.98828125,0.6097605228424072
329,2019-12-03,7320.1455078125,0.0
330,2019-12-04,7252.03466796875,0.0
331,2019-12-05,7448.3076171875,0.0
332,2019-12-06,7546.99658203125,0.5391099452972412
333,2019-12-07,7556.23779296875,0.4710760116577148
334,2019-12-08,7564.34521484375,0.0
335,2019-12-09,7400.8994140625,0.0
336,2019-12-10,7278.11962890625,-0.8075165748596191
337,2019-12-11,7217.42724609375,0.0
338,2019-12-12,7243.13427734375,0.896043062210083
339,2019-12-13,7269.6845703125,0.0
340,2019-12-14,7124.673828125,0.0
341,2019-12-15,7152.3017578125,0.0
342,2019-12-16,6932.48046875,0.9361274242401124
343,2019-12-17,6640.51513671875,0.5252185463905334
344,2019-12-18,7276.802734375,-0.8990127444267273
345,2019-12-19,7202.84423828125,0.904417872428894
346,2019-12-20,7218.81640625,0.9540011286735536
347,2019-12-21,7191.15869140625,0.5087510943412781
348,2019-12-22,7511.5888671875,0.0
349,2019-12-23,7355.62841796875,0.0
350,2019-12-24,7322.5322265625,-0.8758438229560852
351,2019-12-25,7275.15576171875,0.0
352,2019-12-26,7238.966796875,0.4556555151939392
353,2019-12-27,7290.08837890625,0.7198017835617065
354,2019-12-28,7317.990234375,0.0
355,2019-12-29,7422.65283203125,0.0
356,2019-12-30,7292.9951171875,0.8284081220626831
357,2019-12-31,7193.59912109375,0.0
358,2020-01-01,7200.17431640625,0.0
359,2020-01-02,6985.47021484375,0.0
360,2020-01-03,7344.88427734375,0.9243377447128296
361,2020-01-04,7410.65673828125,0.0
362,2020-01-05,7411.3173828125,0.0
363,2020-01-06,7769.21923828125,0.9450728297233582
364,2020-01-07,8163.6923828125,0.9366159439086914
365,2020-01-08,8079.86279296875,0.6435891389846802
366,2020-01-09,7879.0712890625,0.9411276578903198
367,2020-01-10,8166.55419921875,-0.9600450992584229
368,2020-01-11,8037.53759765625,0.0
369,2020-01-12,8192.494140625,0.0
370,2020-01-13,8144.1943359375,0.0
371,2020-01-14,8827.7646484375,0.9393611550331116
372,2020-01-15,8807.0107421875,-0.9343261122703552
373,2020-01-16,8723.7861328125,0.7499582171440125
374,2020-01-17,8929.0380859375,-0.9505364894866944
375,2020-01-18,8942.80859375,0.0
376,2020-01-19,8706.2451171875,0.0
377,2020-01-20,8657.642578125,0.8030096888542175
378,2020-01-21,8745.89453125,0.0
379,2020-01-23,8406.515625,-0.4603318572044372
380,2020-01-24,8445.4345703125,0.8511694669723511
381,2020-01-25,8367.84765625,0.0
382,2020-01-26,8596.830078125,0.0
383,2020-01-27,8909.8193359375,-0.5797999501228333
384,2020-01-28,9358.58984375,-0.8777719736099243
385,2020-01-29,9316.6298828125,0.9188368916511536
386,2020-01-30,9508.9931640625,0.9448606371879578
387,2020-01-31,9350.529296875,0.9295740127563475
388,2020-02-01,9392.875,-0.5333445072174072
389,2020-02-02,9344.365234375,0.0
390,2020-02-03,9293.521484375,0.0
391,2020-02-04,9180.962890625,-0.8918524384498596
392,2020-02-05,9613.423828125,0.9467191100120544
393,2020-02-06,9729.8017578125,0.8376970887184143
394,2020-02-07,9795.943359375,0.0
395,2020-02-08,9865.119140625,0.0
396,2020-02-09,10116.673828125,0.0
397,2020-02-10,9856.611328125,-0.960709273815155
398,2020-02-11,10208.236328125,0.0
399,2020-02-12,10326.0546875,-0.9651178121566772
400,2020-02-13,10214.3798828125,0.0
401,2020-02-14,10312.1162109375,-0.6903603076934814
402,2020-02-15,9889.4248046875,0.0
403,2020-02-16,9934.43359375,0.0
404,2020-02-17,9690.142578125,-0.93730229139328
405,2020-02-18,10141.99609375,-0.967115044593811
406,2020-02-19,9633.38671875,0.57748943567276
407,2020-02-20,9608.4755859375,0.5317417979240417
408,2020-02-21,9686.44140625,-0.9623823761940002
409,2020-02-22,9663.181640625,0.0
410,2020-02-23,9924.515625,0.0
411,2020-02-24,9650.1748046875,-0.9550742506980896
412,2020-02-25,9341.705078125,0.0
413,2020-02-26,8820.5224609375,-0.8370118141174316
414,2020-02-27,8784.494140625,0.5129634141921997
415,2020-02-28,8672.455078125,-0.8446525931358337
416,2020-02-29,8599.5087890625,0.0
417,2020-03-01,8562.4541015625,0.0
418,2020-03-02,8869.669921875,-0.9227159023284912
419,2020-03-03,8787.7861328125,-0.9728382229804992
420,2020-03-04,8755.24609375,0.88482266664505
421,2020-03-05,9078.7626953125,0.9144150614738464
422,2020-03-06,9122.5458984375,0.7870793342590332
423,2020-03-07,8909.9541015625,0.0
424,2020-03-08,8108.1162109375,0.0
425,2020-03-09,7923.64453125,0.0
426,2020-03-10,7909.7294921875,0.9024296402931212
427,2020-03-11,7911.43017578125,0.9109630584716796
428,2020-03-12,4970.7880859375,0.0
429,2020-03-13,5563.70703125,0.6472739577293396
430,2020-03-14,5200.3662109375,0.0
431,2020-03-15,5392.31494140625,0.0
432,2020-03-16,5014.47998046875,0.0
433,2020-03-17,5225.62939453125,0.940613567829132
434,2020-03-18,5238.4384765625,-0.963600754737854
435,2020-03-19,6191.19287109375,0.0
436,2020-03-20,6198.7783203125,0.8915019631385803
437,2020-03-21,6185.06640625,0.7728100419044495
438,2020-03-22,5830.2548828125,0.0
439,2020-03-23,6416.31494140625,0.0
440,2020-03-24,6734.8037109375,0.8967154622077942
441,2020-03-25,6681.06298828125,-0.9733113050460817
442,2020-03-26,6716.4404296875,-0.8210799098014832
443,2020-03-27,6469.79833984375,0.5212996006011963
444,2020-03-28,6242.19384765625,0.0
445,2020-03-29,5922.04296875,0.0
446,2020-03-30,6429.841796875,0.0
447,2020-03-31,6438.64453125,-0.976180136203766
448,2020-04-01,6606.7763671875,0.7579078078269958
449,2020-04-02,6793.62451171875,0.0
450,2020-04-03,6733.38720703125,-0.6986919045448303
451,2020-04-04,6867.52734375,0.0
452,2020-04-05,6791.12939453125,0.0
453,2020-04-06,7271.78125,0.7391108274459839
454,2020-04-07,7176.41455078125,0.9467507004737854
455,2020-04-08,7334.0986328125,0.0
456,2020-04-09,7302.08935546875,-0.9697501063346864
457,2020-04-10,6865.4931640625,0.0
458,2020-04-11,6859.0830078125,0.0
459,2020-04-12,6971.091796875,0.0
460,2020-04-13,6845.03759765625,-0.972097098827362
461,2020-04-14,6842.427734375,-0.9639129042625428
462,2020-04-15,6642.10986328125,0.5770673155784607
463,2020-04-16,7116.80419921875,0.0
464,2020-04-17,7096.1845703125,0.0
465,2020-04-18,7257.6650390625,0.92614084482193
466,2020-04-19,7189.4248046875,0.929650902748108
467,2020-04-20,6881.95849609375,-0.936277151107788
468,2020-04-21,6880.3232421875,-0.8761109113693237
469,2020-04-22,7117.20751953125,0.946010172367096
470,2020-04-23,7429.724609375,0.8946987986564636
471,2020-04-24,7550.90087890625,-0.8413519859313965
472,2020-04-25,7569.93603515625,0.0
473,2020-04-26,7679.8671875,0.0
474,2020-04-27,7795.60107421875,0.9422488808631896
475,2020-04-28,7807.05859375,0.0
476,2020-04-29,8801.0380859375,-0.9198731780052184
477,2020-04-30,8658.5537109375,0.878751814365387
478,2020-05-01,8864.7666015625,0.0
479,2020-05-02,8988.5966796875,0.0
480,2020-05-03,8897.46875,-0.5398434996604919
481,2020-05-04,8912.654296875,0.9026445746421814
482,2020-05-05,9003.0703125,0.8743149042129517
483,2020-05-06,9268.76171875,0.9037814140319824
484,2020-05-07,9951.5185546875,0.9089215397834778
485,2020-05-08,9842.666015625,0.6866458654403687
486,2020-05-09,9593.896484375,0.0
487,2020-05-10,8756.4306640625,0.0
488,2020-05-11,8601.7958984375,0.0
489,2020-05-12,8804.4775390625,0.9517863392829896
490,2020-05-13,9269.9873046875,-0.7680149078369141
491,2020-05-14,9733.7216796875,0.9550513029098512
492,2020-05-15,9328.197265625,0.0
493,2020-05-16,9377.013671875,0.0
494,2020-05-17,9670.7392578125,0.0
495,2020-05-18,9726.5751953125,-0.7922343015670776
496,2020-05-19,9729.0380859375,0.0
497,2020-05-20,9522.9814453125,-0.9566650986671448
498,2020-05-21,9081.76171875,-0.9655995965003968
499,2020-05-22,9182.5771484375,0.0
500,2020-05-23,9209.287109375,0.0
501,2020-05-24,8790.3681640625,0.0
502,2020-05-25,8906.9345703125,-0.5245016813278198
503,2020-05-26,8835.052734375,0.9027397632598876
504,2020-05-27,9181.017578125,0.9288220405578612
505,2020-05-28,9525.7509765625,-0.7926390767097473
506,2020-05-29,9439.1240234375,-0.696692705154419
507,2020-05-30,9700.4140625,0.0
508,2020-05-31,9461.05859375,0.0
509,2020-06-01,10167.2685546875,-0.6559521555900574
510,2020-06-02,9529.8037109375,0.9252810478210448
511,2020-06-03,9656.7177734375,-0.9747256636619568
512,2020-06-04,9800.63671875,0.0
513,2020-06-05,9665.533203125,-0.9113073945045472
514,2020-06-06,9653.6796875,0.0
515,2020-06-07,9758.8525390625,0.7922161221504211
516,2020-06-08,9771.4892578125,0.5983962416648865
517,2020-06-09,9795.7001953125,-0.8449093103408813
518,2020-06-10,9870.0947265625,-0.7366384863853455
519,2020-06-11,9321.78125,0.0
520,2020-06-12,9480.84375,0.0
521,2020-06-13,9475.27734375,0.0
522,2020-06-14,9386.7880859375,0.0
523,2020-06-15,9450.7021484375,-0.954889953136444
524,2020-06-16,9538.0244140625,0.0
525,2020-06-17,9480.2548828125,0.7149550914764404
526,2020-06-18,9411.8408203125,0.0
527,2020-06-19,9288.0185546875,-0.7476530075073242
528,2020-06-20,9332.3408203125,0.0
529,2020-06-21,9303.6298828125,0.0
530,2020-06-22,9648.7177734375,0.5642926096916199
531,2020-06-23,9629.658203125,-0.8844429850578308
532,2020-06-24,9313.6103515625,0.0
533,2020-06-25,9264.8134765625,0.669871985912323
534,2020-06-26,9162.91796875,-0.9601194858551024
535,2020-06-27,9045.390625,-0.9461546540260316
536,2020-06-28,9143.58203125,0.0
537,2020-06-29,9190.8544921875,-0.9649874567985536
538,2020-06-30,9137.9931640625,0.9510517120361328
539,2020-07-01,9228.3251953125,0.9462494254112244
540,2020-07-02,9123.41015625,0.5081674456596375
541,2020-07-03,9087.3037109375,0.6663938164710999
542,2020-07-04,9132.48828125,0.0
543,2020-07-05,9073.9423828125,0.0
544,2020-07-06,9375.474609375,0.9482815861701964
545,2020-07-07,9252.27734375,0.0
546,2020-07-08,9428.3330078125,0.0
547,2020-07-09,9277.9677734375,0.0
548,2020-07-10,9278.8076171875,0.8251476883888245
549,2020-07-11,9240.3466796875,-0.6475815773010254
550,2020-07-12,9276.5,0.0
551,2020-07-13,9243.6142578125,-0.9509096145629884
552,2020-07-14,9243.2138671875,0.923251748085022
553,2020-07-15,9192.8369140625,0.6549840569496155
554,2020-07-16,9132.2275390625,-0.7416739463806152
555,2020-07-17,9151.392578125,0.90837961435318
556,2020-07-18,9159.0400390625,0.0
557,2020-07-19,9185.8173828125,0.0
558,2020-07-20,9164.2314453125,-0.9631476998329164
559,2020-07-21,9374.8876953125,0.9077360033988952
560,2020-07-22,9525.36328125,-0.9221799373626708
561,2020-07-23,9581.072265625,0.0
562,2020-07-24,9536.892578125,0.9338696002960204
563,2020-07-25,9677.11328125,0.0
564,2020-07-26,9905.1669921875,0.0
565,2020-07-27,10990.873046875,0.953183889389038
566,2020-07-28,10912.8232421875,0.0
567,2020-07-29,11100.4677734375,0.0
568,2020-07-30,11111.2138671875,0.925046443939209
569,2020-07-31,11323.466796875,0.5858149528503418
570,2020-08-01,11759.5927734375,0.0
571,2020-08-02,11053.6142578125,0.0
572,2020-08-03,11246.3486328125,0.89947509765625
573,2020-08-04,11205.892578125,-0.9474063515663148
574,2020-08-05,11747.0224609375,-0.5229354500770569
575,2020-08-06,11779.7734375,0.8784687519073486
576,2020-08-07,11601.47265625,0.0
577,2020-08-08,11754.0458984375,0.7750394344329834
578,2020-08-09,11675.7392578125,0.0
579,2020-08-10,11878.111328125,0.8952308893203735
580,2020-08-11,11410.525390625,-0.8977617025375366
581,2020-08-12,11584.9345703125,0.5581483244895935
582,2020-08-13,11784.1376953125,-0.93988037109375
583,2020-08-14,11768.87109375,-0.9380903244018556
584,2020-08-15,11865.6982421875,0.0
585,2020-08-16,11892.8037109375,0.0
586,2020-08-17,12254.40234375,0.0
587,2020-08-18,11991.2333984375,-0.9641115069389344
588,2020-08-19,11758.283203125,-0.9593645930290222
589,2020-08-20,11878.3720703125,0.0
590,2020-08-21,11592.4892578125,-0.9695344567298888
591,2020-08-22,11681.8251953125,-0.9111104011535645
592,2020-08-23,11664.84765625,0.0
593,2020-08-24,11774.595703125,-0.6433465480804443
594,2020-08-25,11366.134765625,0.0
595,2020-08-26,11488.36328125,0.9081695675849916
596,2020-08-27,11323.3974609375,0.0
597,2020-08-28,11542.5,0.9491517543792723
598,2020-08-29,11506.865234375,0.0
599,2020-08-30,11711.505859375,0.0
600,2020-08-31,11680.8203125,0.0
601,2020-09-01,11970.478515625,0.9146018028259276
602,2020-09-02,11414.0341796875,-0.966191291809082
603,2020-09-03,10245.296875,-0.8018028140068054
604,2020-09-04,10511.8134765625,-0.924665629863739
605,2020-09-05,10169.5673828125,0.0
606,2020-09-06,10280.3515625,-0.6070073843002319
607,2020-09-07,10369.5634765625,0.959409236907959
608,2020-09-08,10131.5166015625,-0.7358291149139404
609,2020-09-09,10242.34765625,0.9394851326942444
610,2020-09-10,10363.138671875,-0.968703269958496
611,2020-09-11,10400.9150390625,-0.9441151022911072
612,2020-09-12,10442.1708984375,0.0
613,2020-09-13,10323.755859375,0.0
614,2020-09-14,10680.837890625,0.9298529624938964
615,2020-09-15,10796.951171875,0.94305157661438
616,2020-09-16,10974.9052734375,0.7477383613586426
617,2020-09-17,10948.990234375,-0.9660425186157228
618,2020-09-18,10944.5859375,-0.5780395865440369
619,2020-09-19,11094.3466796875,0.0
620,2020-09-20,10938.271484375,0.0
621,2020-09-21,10462.259765625,0.0
622,2020-09-22,10538.4599609375,0.7751242518424988
623,2020-09-23,10246.1865234375,-0.9241018891334534
624,2020-09-24,10760.06640625,0.580437183380127
625,2020-09-25,10692.716796875,0.9352989196777344
626,2020-09-26,10750.7236328125,-0.8205702900886536
627,2020-09-27,10775.26953125,0.0
628,2020-09-28,10709.65234375,0.6635910868644714
629,2020-09-29,10844.640625,-0.9485541582107544
630,2020-09-30,10784.4912109375,0.7615876793861389
631,2020-10-01,10619.4521484375,-0.7762761116027832
632,2020-10-02,10575.974609375,-0.9175201654434204
633,2020-10-03,10549.3291015625,0.0
634,2020-10-04,10669.5830078125,-0.9730181097984314
635,2020-10-06,10604.40625,-0.6241714954376221
636,2020-10-07,10668.96875,0.5581163167953491
637,2020-10-09,11064.4580078125,0.686021089553833
638,2020-10-10,11296.361328125,0.9284346103668212
639,2020-10-11,11384.181640625,0.0
640,2020-10-12,11555.36328125,0.0
641,2020-10-13,11425.8994140625,-0.9693586826324464
642,2020-10-14,11429.5068359375,-0.9663757085800172
643,2020-10-15,11495.349609375,-0.5829215049743652
644,2020-10-16,11322.123046875,0.6406117081642151
645,2020-10-17,11358.1015625,0.0
646,2020-10-18,11483.359375,0.0
647,2020-10-19,11742.037109375,0.6635192036628723
648,2020-10-20,11916.3349609375,-0.747735857963562
649,2020-10-21,12823.689453125,0.6753132939338684
650,2020-10-22,12965.8916015625,-0.5683674812316895
651,2020-10-23,12931.5390625,-0.7485573887825012
652,2020-10-24,13108.0625,0.7607095241546631
653,2020-10-25,13031.173828125,-0.6994743943214417
654,2020-10-26,13075.248046875,-0.8285911679267883
655,2020-10-27,13654.21875,0.935863435268402
656,2020-10-28,13271.28515625,-0.9607712626457214
657,2020-10-29,13437.8828125,-0.6072185039520264
658,2020-10-30,13546.5224609375,0.0
659,2020-10-31,13780.9951171875,0.9388627409934998
660,2020-11-01,13737.109375,0.0
661,2020-11-02,13550.4892578125,0.742662250995636
662,2020-11-03,13950.30078125,-0.9481375217437744
663,2020-11-04,14133.70703125,0.8912202715873718
664,2020-11-05,15579.8486328125,0.847527801990509
665,2020-11-06,15565.880859375,0.0
666,2020-11-07,14833.75390625,0.0
667,2020-11-08,15479.5673828125,0.9541935920715332
668,2020-11-09,15332.3154296875,0.0
669,2020-11-10,15290.90234375,0.859771728515625
670,2020-11-11,15701.33984375,0.950905740261078
671,2020-11-12,16276.34375,0.9434603452682496
672,2020-11-13,16317.80859375,0.5440124273300171
673,2020-11-14,16068.138671875,0.0
674,2020-11-15,15955.587890625,-0.5536181926727295
675,2020-11-16,16716.111328125,0.8897335529327393
676,2020-11-17,17645.40625,0.827395498752594
677,2020-11-18,17804.005859375,0.5302731394767761
678,2020-11-19,17817.08984375,-0.5147967338562012
679,2020-11-20,18621.314453125,0.0
680,2020-11-21,18642.232421875,0.8051481246948242
681,2020-11-22,18370.001953125,0.912455439567566
682,2020-11-23,18364.12109375,-0.9410342574119568
683,2020-11-24,19107.46484375,0.0
684,2020-11-25,18732.12109375,0.9174667000770568
685,2020-11-26,17150.623046875,0.0
686,2020-11-27,17108.40234375,0.0
687,2020-11-28,17717.4140625,0.0
688,2020-11-29,18177.484375,0.0
689,2020-11-30,19625.8359375,0.0
690,2020-12-01,18802.998046875,-0.7835176587104797
691,2020-12-02,19201.091796875,0.0
692,2020-12-03,19445.3984375,0.0
693,2020-12-04,18699.765625,-0.9681662917137146
694,2020-12-05,19154.23046875,0.0
695,2020-12-06,19345.12109375,0.0
696,2020-12-07,19191.630859375,-0.932973086833954
697,2020-12-08,18321.14453125,-0.9583302736282348
698,2020-12-09,18553.916015625,-0.912376344203949
699,2020-12-10,18264.9921875,0.9324343204498292
700,2020-12-11,18058.904296875,0.0
701,2020-12-12,18803.65625,0.0
702,2020-12-13,19142.3828125,0.0
703,2020-12-14,19246.64453125,0.7582992315292358
704,2020-12-15,19417.076171875,0.0
705,2020-12-16,21310.59765625,0.0
706,2020-12-17,22805.162109375,0.0
707,2020-12-18,23137.9609375,-0.7483466267585754
708,2020-12-19,23869.83203125,0.0
709,2020-12-20,23477.294921875,0.0
710,2020-12-21,22803.08203125,0.0
711,2020-12-22,23783.029296875,0.0
712,2020-12-23,23241.345703125,-0.9659308195114136
713,2020-12-24,23735.94921875,0.9413447976112366
714,2020-12-25,24664.791015625,0.8688393235206604
715,2020-12-26,26437.037109375,0.4970948100090027
716,2020-12-27,26272.294921875,0.9479679465293884
717,2020-12-28,27084.80859375,0.4525147378444671
718,2020-12-29,27362.4375,0.5774879455566406
719,2020-12-30,28840.953125,0.7466226816177368
720,2020-12-31,29001.720703125,0.9309763312339784
721,2021-01-01,29374.15234375,0.0
722,2021-01-02,32127.267578125,0.0
723,2021-01-03,32782.0234375,0.0
724,2021-01-04,31971.9140625,0.0
725,2021-01-05,33992.4296875,0.6905292868614197
726,2021-01-06,36824.36328125,0.0
727,2021-01-07,39371.04296875,0.0
728,2021-01-08,40797.609375,0.0
729,2021-01-09,40254.546875,-0.4226311445236206
730,2021-01-10,38356.44140625,0.0
731,2021-01-11,35566.65625,-0.9623098373413086
732,2021-01-12,33922.9609375,0.9436192512512208
733,2021-01-13,37316.359375,0.0
734,2021-01-14,39187.328125,0.8390092253684998
735,2021-01-15,36825.3671875,-0.9621952772140504
736,2021-01-16,36178.140625,0.0
737,2021-01-17,35791.27734375,-0.8214405179023743
738,2021-01-18,36630.07421875,0.0
739,2021-01-19,36069.8046875,-0.8338446617126465
740,2021-01-20,35547.75,-0.9654813408851624
741,2021-01-21,30825.69921875,-0.9068223237991332
742,2021-01-22,33005.76171875,0.0
743,2021-01-23,32067.642578125,0.0
744,2021-01-24,32289.37890625,0.0
745,2021-01-25,32366.392578125,0.0
746,2021-01-26,32569.849609375,0.6323338150978088
747,2021-01-27,30432.546875,-0.9366450309753418
748,2021-01-28,33466.09765625,0.0
749,2021-01-29,34316.38671875,-0.5529316663742065
750,2021-01-30,34269.5234375,-0.9376662373542786
751,2021-01-31,33114.359375,0.0
752,2021-02-01,33537.17578125,0.0
753,2021-02-02,35510.2890625,0.7283920645713806
754,2021-02-03,37472.08984375,0.8999314904212952
755,2021-02-04,36926.06640625,-0.9295312762260436
756,2021-02-05,38144.30859375,0.8117589354515076
757,2021-02-06,39266.01171875,0.0
758,2021-02-07,38903.44140625,0.5308144092559814
759,2021-02-08,46196.46484375,-0.7258800268173218
760,2021-02-09,46481.10546875,0.5978534817695618
761,2021-02-10,44918.18359375,0.0
762,2021-02-11,47909.33203125,-0.4716419577598572
763,2021-02-12,47504.8515625,0.9373868107795716
764,2021-02-13,47105.515625,0.0
765,2021-02-14,48717.2890625,0.0
766,2021-02-15,47945.05859375,0.0
767,2021-02-16,49199.87109375,0.8906040787696838
768,2021-02-17,52149.0078125,0.8441458344459534
769,2021-02-18,51679.796875,0.0
770,2021-02-19,55888.1328125,0.9039110541343688
771,2021-02-20,56099.51953125,0.0
772,2021-02-21,57539.9453125,0.0
773,2021-02-22,54207.3203125,0.9308595061302184
774,2021-02-23,48824.42578125,0.893022358417511
775,2021-02-24,49705.33203125,0.0
776,2021-02-25,47093.8515625,0.0
777,2021-02-26,46339.76171875,-0.9706858396530152
778,2021-02-27,46188.453125,-0.6661364436149597
779,2021-02-28,45137.76953125,0.7202109694480896
780,2021-03-01,49631.2421875,0.9349901080131532
781,2021-03-02,48378.98828125,0.0
782,2021-03-03,50538.2421875,0.0
783,2021-03-04,48561.16796875,0.0
784,2021-03-05,48927.3046875,-0.9432398080825806
785,2021-03-06,48912.3828125,0.0
786,2021-03-07,51206.69140625,0.9253190755844116
787,2021-03-08,52246.5234375,0.0
788,2021-03-09,54824.1171875,0.9366680383682252
789,2021-03-10,56008.55078125,0.9201118350028992
790,2021-03-11,57805.12109375,0.0
791,2021-03-12,57332.08984375,0.0
792,2021-03-13,61243.0859375,0.8626453876495361
793,2021-03-14,59302.31640625,0.0
794,2021-03-15,55907.19921875,-0.9736069440841676
795,2021-03-16,56804.90234375,-0.9471311569213868
796,2021-03-17,58870.89453125,0.0
797,2021-03-18,57858.921875,0.0
798,2021-03-19,58346.65234375,-0.9534809589385986
799,2021-03-20,58313.64453125,0.0
800,2021-03-21,57523.421875,0.0
801,2021-03-22,54529.14453125,-0.4040299355983734
802,2021-03-23,54738.9453125,0.0
803,2021-03-24,52774.265625,-0.4931811392307281
804,2021-03-25,51704.16015625,0.0
805,2021-03-26,55137.3125,0.8720645904541016
806,2021-03-27,55973.51171875,0.0
807,2021-03-28,55950.74609375,0.0
808,2021-03-29,57750.19921875,0.733314037322998
809,2021-03-30,58917.69140625,0.0
810,2021-03-31,58918.83203125,0.8731303811073303
811,2021-04-01,59095.80859375,0.0
812,2021-04-02,59384.3125,0.9084839224815368
813,2021-04-03,57603.890625,0.0
814,2021-04-04,58758.5546875,0.7086477279663086
815,2021-04-05,59057.87890625,0.914592146873474
816,2021-04-06,58192.359375,0.9444493651390076
817,2021-04-07,56048.9375,-0.7469891905784607
818,2021-04-08,58323.953125,0.937752604484558
819,2021-04-09,58245.00390625,-0.9679208397865297
820,2021-04-10,59793.234375,0.8259181380271912
821,2021-04-11,60204.96484375,0.0
822,2021-04-12,59893.453125,0.7070372700691223
823,2021-04-13,63503.45703125,0.0
824,2021-04-14,63109.6953125,0.0
825,2021-04-15,63314.01171875,0.0
826,2021-04-16,61572.7890625,-0.5964801907539368
827,2021-04-17,60683.8203125,0.0
828,2021-04-18,56216.18359375,-0.9522274732589722
829,2021-04-19,55724.265625,0.0
830,2021-04-20,56473.03125,-0.9641097187995912
831,2021-04-21,53906.08984375,-0.438966691493988
832,2021-04-22,51762.2734375,0.9129927158355712
833,2021-04-23,51093.65234375,-0.966464102268219
834,2021-04-24,50050.8671875,0.0
835,2021-04-25,49004.25390625,-0.9634918570518494
836,2021-04-26,54021.75390625,0.0
837,2021-04-27,55033.1171875,-0.7456172108650208
838,2021-04-28,54824.703125,-0.9425010681152344
839,2021-04-29,53555.109375,0.0
840,2021-04-30,57750.17578125,-0.5937492251396179
841,2021-05-01,57828.05078125,0.0
842,2021-05-02,56631.078125,0.0
843,2021-05-03,57200.29296875,0.0
844,2021-05-04,53333.5390625,0.9240626096725464
845,2021-05-05,57424.0078125,0.8015015125274658
846,2021-05-06,56396.515625,0.9259008765220642
847,2021-05-07,57356.40234375,0.0
848,2021-05-08,58803.77734375,0.0
849,2021-05-09,58232.31640625,0.0
850,2021-05-10,55859.796875,0.8875393867492676
851,2021-05-11,56704.57421875,0.0
852,2021-05-12,49150.53515625,0.0
853,2021-05-13,49716.19140625,0.0
854,2021-05-14,49880.53515625,0.0
855,2021-05-15,46760.1875,-0.6478760838508606
856,2021-05-16,46456.05859375,0.0
857,2021-05-17,43537.51171875,-0.9657952785491944
858,2021-05-18,42909.40234375,0.0
859,2021-05-19,37002.44140625,-0.9453906416893004
860,2021-05-20,40782.73828125,0.0
861,2021-05-21,37304.69140625,-0.8389584422111511
862,2021-05-22,37536.6328125,0.0
863,2021-05-23,34770.58203125,-0.9699567556381226
864,2021-05-24,38705.98046875,-0.6434624195098877
865,2021-05-25,38402.22265625,0.0
866,2021-05-26,39294.19921875,0.0
867,2021-05-27,38436.96875,-0.8845188021659851
868,2021-05-28,35697.60546875,0.0
869,2021-05-29,34616.06640625,0.0
870,2021-05-30,35678.12890625,0.0
871,2021-05-31,37332.85546875,0.67046719789505
872,2021-06-01,36684.92578125,-0.972903311252594
873,2021-06-02,37575.1796875,0.9433728456497192
874,2021-06-03,39208.765625,0.0
875,2021-06-04,36894.40625,-0.9742384552955629
876,2021-06-05,35551.95703125,-0.7545375227928162
877,2021-06-06,35862.37890625,0.0
878,2021-06-07,33560.70703125,0.4972095191478729
879,2021-06-08,33472.6328125,-0.8657029867172241
880,2021-06-09,37345.12109375,0.0
881,2021-06-10,36702.59765625,-0.970812439918518
882,2021-06-11,37334.3984375,0.0
883,2021-06-12,35552.515625,0.0
884,2021-06-13,39097.859375,0.6796424388885498
885,2021-06-14,40218.4765625,0.0
886,2021-06-15,40406.26953125,0.8437910079956055
887,2021-06-16,38347.0625,-0.7372432947158813
888,2021-06-17,38053.50390625,-0.8683062195777893
889,2021-06-18,35787.24609375,-0.8265575170516968
890,2021-06-19,35615.87109375,0.0
891,2021-06-20,35698.296875,0.0
892,2021-06-21,31676.693359375,0.0
893,2021-06-22,32505.66015625,-0.931633710861206
894,2021-06-23,33723.02734375,0.0
895,2021-06-24,34662.4375,0.0
896,2021-06-25,31637.779296875,0.5794559121131897
897,2021-06-26,32186.27734375,0.6637641191482544
898,2021-06-27,34649.64453125,0.0
899,2021-06-28,34434.3359375,-0.9751414060592652
900,2021-06-29,35867.77734375,-0.7266284823417664
901,2021-06-30,35040.8359375,-0.8359680771827698
902,2021-07-02,33897.046875,0.0
903,2021-07-03,34668.546875,-0.8673772215843201
904,2021-07-04,35287.78125,0.885040819644928
905,2021-07-05,33746.00390625,0.0
906,2021-07-06,34235.1953125,-0.5679894089698792
907,2021-07-07,33855.328125,-0.9002777338027954
908,2021-07-08,32877.37109375,0.0
909,2021-07-09,33798.01171875,0.8133713603019714
910,2021-07-10,33520.51953125,0.0
911,2021-07-11,34240.1875,0.0
912,2021-07-13,32702.025390625,-0.9672419428825378
913,2021-07-14,32822.34765625,0.0
914,2021-07-15,31780.73046875,0.0
915,2021-07-16,31421.5390625,-0.3718678057193756
916,2021-07-17,31533.068359375,0.807591438293457
917,2021-07-18,31796.810546875,0.0
918,2021-07-19,30817.83203125,0.570205569267273
919,2021-07-20,29807.34765625,-0.969840943813324
920,2021-07-21,32110.693359375,-0.6861563324928284
921,2021-07-22,32313.10546875,0.0
922,2021-07-23,33581.55078125,-0.7294195294380188
923,2021-07-24,34292.4453125,0.0
924,2021-07-25,35350.1875,0.0
925,2021-07-26,37337.53515625,-0.6731122732162476
926,2021-07-27,39406.94140625,-0.9666342735290528
927,2021-07-28,39995.90625,-0.9496327042579652
928,2021-07-29,40008.421875,0.6692203879356384
929,2021-07-30,42235.546875,0.8229063749313354
930,2021-07-31,41626.1953125,0.0
931,2021-08-01,39974.89453125,0.9576624631881714
932,2021-08-02,39201.9453125,-0.7862331867218018
933,2021-08-03,38152.98046875,-0.950015664100647
934,2021-08-04,39747.50390625,0.9059371948242188
935,2021-08-05,40869.5546875,-0.961107850074768
936,2021-08-06,42816.5,0.8980576395988464
937,2021-08-07,44555.80078125,0.0
938,2021-08-08,43798.1171875,0.0
939,2021-08-09,46365.40234375,0.7460547685623169
940,2021-08-10,45585.03125,0.8476055264472961
941,2021-08-11,45593.63671875,0.6469783186912537
942,2021-08-12,44428.2890625,-0.939020037651062
943,2021-08-13,47793.3203125,0.7709044814109802
944,2021-08-14,47096.9453125,0.0
945,2021-08-15,47047.00390625,0.0
946,2021-08-16,46004.484375,-0.8646789789199829
947,2021-08-17,44695.359375,0.0
948,2021-08-18,44801.1875,0.0
949,2021-08-19,46717.578125,0.0
950,2021-08-20,49339.17578125,0.9194431900978088
951,2021-08-21,48905.4921875,0.0
952,2021-08-22,49321.65234375,0.0
953,2021-08-23,49546.1484375,0.0
954,2021-08-24,47706.1171875,0.0
955,2021-08-25,48960.7890625,0.9449244141578674
956,2021-08-26,46942.21875,0.7737734317779541
957,2021-08-27,49058.66796875,0.8485745787620544
958,2021-08-28,48902.40234375,0.0
959,2021-08-29,48829.83203125,0.0
960,2021-08-30,47054.984375,0.0
961,2021-08-31,47166.6875,-0.9526414275169371
962,2021-09-01,48847.02734375,0.0
963,2021-09-02,49327.72265625,-0.9632075428962708
964,2021-09-03,50025.375,0.9427189230918884
965,2021-09-04,49944.625,0.0
966,2021-09-05,51753.41015625,0.0
967,2021-09-06,52633.53515625,0.0
968,2021-09-07,46811.12890625,-0.4691483974456787
969,2021-09-08,46091.390625,-0.5983077883720398
970,2021-09-09,46391.421875,0.0
971,2021-09-10,44883.91015625,0.930212378501892
972,2021-09-11,45201.45703125,0.0
973,2021-09-12,46063.26953125,0.0
974,2021-09-13,44963.07421875,0.0
975,2021-09-14,47092.4921875,0.8977382183074951
976,2021-09-15,48176.34765625,-0.9426079988479614
977,2021-09-16,47783.359375,0.0
978,2021-09-17,47267.51953125,0.0
979,2021-09-18,48278.36328125,0.0
980,2021-09-19,47260.21875,0.0
981,2021-09-20,42843.80078125,-0.9489287734031676
982,2021-09-21,40693.67578125,0.0
983,2021-09-22,43574.5078125,-0.961156964302063
984,2021-09-23,44895.09765625,0.7611017227172852
985,2021-09-24,42839.75,0.0
986,2021-09-25,42716.59375,0.0
987,2021-09-26,43208.5390625,-0.8611103296279907
988,2021-09-27,42235.73046875,-0.7718042731285095
989,2021-09-28,41034.54296875,0.0
990,2021-09-29,41564.36328125,-0.966230809688568
991,2021-09-30,43790.89453125,0.0
992,2021-10-01,48116.94140625,0.4967484474182129
993,2021-10-02,47711.48828125,0.951657772064209
994,2021-10-03,48199.953125,0.0
995,2021-10-04,49112.90234375,0.9391332864761353
996,2021-10-05,51514.8125,-0.6602093577384949
997,2021-10-06,55361.44921875,0.942562699317932
998,2021-10-07,53805.984375,0.0
999,2021-10-08,53967.84765625,0.0
1000,2021-10-09,54968.22265625,0.0
1001,2021-10-10,54771.578125,0.0
1002,2021-10-11,57484.7890625,0.0
1003,2021-10-12,56041.05859375,-0.9724687933921814
1004,2021-10-13,57401.09765625,-0.975437343120575
1005,2021-10-14,57321.5234375,0.9127564430236816
1006,2021-10-15,61593.94921875,0.0
1007,2021-10-16,60892.1796875,0.9311152100563048
1008,2021-10-17,61553.6171875,0.0
1009,2021-10-18,62026.078125,0.0
1010,2021-10-19,64261.9921875,0.0
1011,2021-10-20,65992.8359375,0.81459641456604
1012,2021-10-21,62210.171875,0.0
1013,2021-10-22,60692.265625,0.0
1014,2021-10-23,61393.6171875,0.0
1015,2021-10-24,60930.8359375,0.0
1016,2021-10-25,63039.82421875,0.9392845034599304
1017,2021-10-26,60363.79296875,0.0
1018,2021-10-27,58482.38671875,0.0
1019,2021-10-28,60622.13671875,0.0
1020,2021-10-29,62227.96484375,0.9516683220863342
1021,2021-10-30,61888.83203125,0.0
1022,2021-10-31,61318.95703125,0.0
1023,2021-11-01,61004.40625,-0.8200398087501526
1024,2021-11-02,63226.40234375,0.9036544561386108
1025,2021-11-03,62970.046875,0.6149774193763733
1026,2021-11-04,61452.23046875,0.0
1027,2021-11-05,61125.67578125,-0.96250981092453
1028,2021-11-06,61527.48046875,0.0
1029,2021-11-07,63326.98828125,0.6208974719047546
1030,2021-11-08,67566.828125,0.7360429167747498
1031,2021-11-09,66971.828125,0.9015092849731444
1032,2021-11-10,64995.23046875,0.8499494194984436
1033,2021-11-11,64949.9609375,-0.954832136631012
1034,2021-11-12,64155.94140625,0.7803047299385071
1035,2021-11-13,64469.52734375,-0.8931342363357544
1036,2021-11-14,65466.83984375,0.0
1037,2021-11-15,63557.87109375,0.8212000727653503
1038,2021-11-16,60161.24609375,-0.8775491118431091
1039,2021-11-17,60368.01171875,0.0
1040,2021-11-18,56942.13671875,-0.9696649312973022
1041,2021-11-19,58119.578125,0.9362781047821044
1042,2021-11-20,59697.1953125,0.0
1043,2021-11-21,58730.4765625,0.0
1044,2021-11-22,56289.2890625,0.932579219341278
1045,2021-11-23,57569.07421875,0.0
1046,2021-11-24,56280.42578125,0.4995000660419464
1047,2021-11-25,57274.6796875,0.9355356693267822
1048,2021-11-26,53569.765625,0.0
1049,2021-11-27,54815.078125,0.0
1050,2021-11-28,57248.45703125,0.9217430353164672
1051,2021-11-29,57806.56640625,0.947018265724182
1052,2021-11-30,57005.42578125,-0.9111282825469972
1053,2021-12-01,57229.828125,0.5853564739227295
1054,2021-12-02,56477.81640625,0.0
1055,2021-12-03,53598.24609375,0.0
1056,2021-12-04,49200.703125,-0.7544280290603638
1057,2021-12-05,49368.84765625,0.0
1058,2021-12-06,50582.625,0.9503389596939088
1059,2021-12-07,50700.0859375,-0.726276695728302
1060,2021-12-08,50504.796875,-0.9534547924995422
1061,2021-12-09,47672.12109375,0.0
1062,2021-12-10,47243.3046875,-0.9144896268844604
1063,2021-12-11,49362.5078125,0.0
1064,2021-12-12,50098.3359375,0.8820520639419556
1065,2021-12-13,46737.48046875,0.5065913796424866
1066,2021-12-14,46612.6328125,0.0
1067,2021-12-15,48896.72265625,0.6212071180343628
1068,2021-12-16,47665.42578125,0.0
1069,2021-12-17,46202.14453125,-0.9569674134254456
1070,2021-12-18,46848.77734375,0.0
1071,2021-12-19,46707.015625,-0.9488086700439452
1072,2021-12-20,46880.27734375,0.8103576302528381
1073,2021-12-21,48936.61328125,0.8214331269264221
1074,2021-12-22,48628.51171875,0.8941877484321594
1075,2021-12-23,50784.5390625,0.8439446091651917
1076,2021-12-24,50822.1953125,-0.8691197037696838
1077,2021-12-25,50429.859375,0.0
1078,2021-12-26,50809.515625,0.0
1079,2021-12-27,50640.41796875,-0.5919445753097534
1080,2021-12-28,47588.85546875,0.7824022769927979
1081,2021-12-29,46444.7109375,0.4356361627578735
1082,2021-12-30,47178.125,-0.9270209670066832
1083,2021-12-31,46306.4453125,0.0
1084,2022-01-01,47686.8125,-0.9762609601020812
1085,2022-01-02,47345.21875,0.0
1086,2022-01-03,46458.1171875,0.7538298964500427
1087,2022-01-04,45897.57421875,0.4932099878787994
1088,2022-01-05,43569.00390625,0.7053993344306946
1089,2022-01-06,43160.9296875,0.0
1090,2022-01-08,41733.94140625,-0.9583959579467772
1091,2022-01-09,41911.6015625,-0.8934906125068665
1092,2022-01-10,41821.26171875,0.0
1093,2022-01-11,42735.85546875,-0.9239604473114014
1094,2022-01-12,43949.1015625,-0.8665696978569031
1095,2022-01-13,42591.5703125,0.0
1096,2022-01-14,43099.69921875,0.0
1097,2022-01-15,43177.3984375,0.0
1098,2022-01-16,43113.87890625,0.6158803105354309
1099,2022-01-17,42250.55078125,-0.9581224322319032
1100,2022-01-18,42375.6328125,0.0
1101,2022-01-19,41744.328125,0.9495851993560792
1102,2022-01-20,40680.41796875,-0.9659957885742188
1103,2022-01-21,36457.31640625,-0.8611547350883484
1104,2022-01-22,35030.25,0.0
1105,2022-01-23,36276.8046875,-0.95328289270401
1106,2022-01-24,36654.328125,0.9340441823005676
1107,2022-01-25,36954.00390625,0.0
1108,2022-01-26,36852.12109375,0.0
1109,2022-01-27,37138.234375,-0.9654334783554076
1110,2022-01-28,37784.33203125,-0.9377102851867676
1111,2022-01-29,38138.1796875,0.0
1112,2022-01-30,37917.6015625,-0.6042821407318115
1113,2022-01-31,38483.125,-0.7416213750839233
1114,2022-02-01,38743.2734375,0.0
1115,2022-02-02,36952.984375,-0.9249784350395204
1116,2022-02-03,37154.6015625,-0.7209916114807129
1117,2022-02-04,41500.875,0.0
1118,2022-02-05,41441.1640625,0.0
1119,2022-02-06,42412.43359375,0.0
1120,2022-02-07,43840.28515625,0.9370627403259276
1121,2022-02-08,44118.4453125,0.0
1122,2022-02-09,44338.796875,0.8890291452407837
1123,2022-02-11,42407.9375,0.0
1124,2022-02-12,42244.46875,0.0
1125,2022-02-13,42197.515625,0.0
1126,2022-02-14,42586.91796875,-0.8311792016029358
1127,2022-02-15,44575.203125,0.0
1128,2022-02-16,43961.859375,0.0
1129,2022-02-17,40538.01171875,-0.762479841709137
1130,2022-02-18,40030.9765625,-0.6467826962471008
1131,2022-02-19,40122.15625,0.0
1132,2022-02-20,38431.37890625,0.0
1133,2022-02-21,37075.28125,0.9369481205940248
1134,2022-02-22,38286.02734375,0.0
1135,2022-02-23,37296.5703125,0.0
1136,2022-02-24,38332.609375,-0.9640961289405824
1137,2022-02-25,39214.21875,0.5456897616386414
1138,2022-02-26,39105.1484375,0.0
1139,2022-02-27,37709.78515625,0.0
1140,2022-02-28,43193.234375,0.9532521963119508
1141,2022-03-01,44354.63671875,0.7752353549003601
1142,2022-03-02,43924.1171875,-0.8860011100769043
1143,2022-03-03,42451.7890625,0.0
1144,2022-03-04,39137.60546875,-0.4848126769065857
1145,2022-03-05,39400.5859375,0.0
1146,2022-03-06,38419.984375,0.0
1147,2022-03-07,38062.0390625,0.0
1148,2022-03-08,38737.26953125,0.0
1149,2022-03-09,41982.92578125,0.0
1150,2022-03-10,39437.4609375,0.79554283618927
1151,2022-03-11,38794.97265625,0.0
1152,2022-03-12,38904.01171875,0.0
1153,2022-03-13,37849.6640625,0.4170737564563751
1154,2022-03-14,39666.75390625,-0.7249622344970703
1155,2022-03-15,39338.78515625,-0.5631678104400635
1156,2022-03-16,41143.9296875,-0.8004094362258911
1157,2022-03-17,40951.37890625,0.8511101603507996
1158,2022-03-18,41801.15625,0.0
1159,2022-03-19,42190.65234375,0.0
1160,2022-03-20,41247.82421875,0.0
1161,2022-03-21,41077.99609375,0.5252358317375183
1162,2022-03-22,42358.80859375,0.0
1163,2022-03-23,42892.95703125,0.9433766603469848
1164,2022-03-24,43960.93359375,0.0
1165,2022-03-25,44348.73046875,0.9296584129333496
1166,2022-03-26,44500.828125,0.0
1167,2022-03-27,46820.4921875,0.0
1168,2022-03-28,47128.00390625,0.6949724555015564
1169,2022-03-29,47465.73046875,0.7421213984489441
1170,2022-03-30,47062.6640625,0.0
1171,2022-03-31,45538.67578125,0.8710788488388062
1172,2022-04-01,46281.64453125,-0.9626986980438232
1173,2022-04-02,45868.94921875,0.0
1174,2022-04-03,46453.56640625,0.9510568976402284
1175,2022-04-04,46622.67578125,-0.5898001790046692
1176,2022-04-05,45555.9921875,0.6044740676879883
1177,2022-04-06,43206.73828125,0.7584171891212463
1178,2022-04-07,43503.84765625,0.0
1179,2022-04-08,42287.6640625,-0.9039061665534972
1180,2022-04-09,42782.13671875,0.0
1181,2022-04-10,42207.671875,0.0
1182,2022-04-11,39521.90234375,-0.9703320860862732
1183,2022-04-12,40127.18359375,0.0
1184,2022-04-13,41166.73046875,0.0
1185,2022-04-14,39935.515625,0.0
1186,2022-04-15,40553.46484375,-0.7344556450843811
1187,2022-04-16,40424.484375,0.0
1188,2022-04-17,39716.953125,0.0
1189,2022-04-18,40826.21484375,0.0
1190,2022-04-19,41502.75,-0.7029862403869629
1191,2022-04-20,41374.37890625,-0.5775978565216064
1192,2022-04-21,40527.36328125,-0.9461811184883118
1193,2022-04-22,39740.3203125,-0.9699015617370604
1194,2022-04-23,39486.73046875,0.0
1195,2022-04-24,39469.29296875,-0.8272708058357239
1196,2022-04-25,40458.30859375,0.0
1197,2022-04-26,38117.4609375,0.0
1198,2022-04-27,39241.12109375,0.0
1199,2022-04-28,39773.828125,0.0
1200,2022-04-29,38609.82421875,0.0
1201,2022-04-30,37714.875,0.0
1202,2022-05-01,38469.09375,-0.9407751560211182
1203,2022-05-02,38529.328125,0.5189825296401978
1204,2022-05-03,37750.453125,0.0
1205,2022-05-04,39698.37109375,0.0
1206,2022-05-05,36575.140625,0.8828883171081543
1207,2022-05-06,36040.921875,0.0
1208,2022-05-07,35501.953125,-0.9032208919525146
1209,2022-05-08,34059.265625,-0.718014121055603
1210,2022-05-09,30296.953125,-0.9688079953193665
1211,2022-05-10,31022.90625,-0.9547133445739746
1212,2022-05-12,29047.751953125,0.0
1213,2022-05-13,29283.103515625,0.0
1214,2022-05-14,30101.265625,0.0
1215,2022-05-15,31305.11328125,0.0
1216,2022-05-16,29862.91796875,0.0
1217,2022-05-17,30425.857421875,0.5876333117485046
1218,2022-05-18,28720.271484375,0.0
1219,2022-05-19,30314.333984375,-0.8190866708755493
1220,2022-05-20,29200.740234375,0.0
1221,2022-05-21,29432.2265625,0.0
1222,2022-05-22,30323.72265625,-0.9608705043792723
1223,2022-05-23,29098.91015625,-0.9351912140846252
1224,2022-05-24,29655.5859375,-0.9580429792404176
1225,2022-05-25,29562.361328125,-0.9305091500282288
1226,2022-05-26,29267.224609375,0.0
1227,2022-05-27,28627.57421875,-0.6727308630943298
1228,2022-05-28,28814.900390625,0.0
1229,2022-05-29,29445.95703125,-0.591977059841156
1230,2022-05-30,31726.390625,0.940378963947296
1231,2022-05-31,31792.310546875,0.5617076754570007
1232,2022-06-01,29799.080078125,-0.8194122314453125
1233,2022-06-02,30467.48828125,0.7452888488769531
1234,2022-06-03,29704.390625,0.0
1235,2022-06-04,29832.9140625,0.0
1236,2022-06-05,29906.662109375,0.8895207047462463
1237,2022-06-06,31370.671875,0.9249916672706604
1238,2022-06-07,31155.478515625,0.0
1239,2022-06-08,30214.35546875,-0.9197365641593932
1240,2022-06-09,30111.998046875,0.0
1241,2022-06-10,29083.8046875,0.0
1242,2022-06-11,28360.810546875,0.0
1243,2022-06-12,26762.6484375,0.0
1244,2022-06-13,22487.388671875,-0.9539846181869508
1245,2022-06-14,22206.79296875,-0.9585341811180116
1246,2022-06-15,22572.83984375,-0.971766471862793
1247,2022-06-16,20381.650390625,-0.961605191230774
1248,2022-06-17,20471.482421875,-0.9208478331565856
1249,2022-06-18,19017.642578125,-0.9676941633224488
1250,2022-06-19,20553.271484375,0.9252485036849976
1251,2022-06-20,20599.537109375,-0.7636982798576355
1252,2022-06-21,20710.59765625,0.6189977526664734
1253,2022-06-22,19987.029296875,-0.92198383808136
1254,2022-06-23,21085.876953125,-0.9116708636283876
1255,2022-06-24,21231.65625,0.0
1256,2022-06-25,21502.337890625,0.0
1257,2022-06-26,21027.294921875,0.6582885384559631
1258,2022-06-28,20280.634765625,0.5805940628051758
1259,2022-06-29,20104.0234375,-0.7867868542671204
1260,2022-06-30,19784.7265625,0.0
1261,2022-07-01,19269.3671875,-0.9697682857513428
1262,2022-07-02,19242.255859375,-0.9689030051231384
1263,2022-07-03,19297.076171875,-0.8867632150650024
1264,2022-07-04,20231.26171875,-0.9354954361915588
1265,2022-07-05,20190.115234375,-0.9305053353309632
1266,2022-07-06,20548.24609375,0.9045838713645936
1267,2022-07-07,21637.587890625,-0.9749378561973572
1268,2022-07-08,21731.1171875,0.8593530058860779
1269,2022-07-09,21592.20703125,0.0
1270,2022-07-10,20860.44921875,0.0
1271,2022-07-11,19970.556640625,-0.9561907649040222
1272,2022-07-12,19323.9140625,0.0
1273,2022-07-13,20212.07421875,-0.6381298899650574
1274,2022-07-14,20569.919921875,0.0
1275,2022-07-15,20836.328125,0.8799704909324646
1276,2022-07-16,21190.31640625,0.0
1277,2022-07-17,20779.34375,-0.9140173196792604
1278,2022-07-18,22485.689453125,0.9484146237373352
1279,2022-07-19,23389.43359375,0.0
1280,2022-07-20,23231.732421875,0.9485576152801514
1281,2022-07-21,23164.62890625,0.0
1282,2022-07-22,22714.978515625,0.7866060733795166
1283,2022-07-23,22465.478515625,0.9539521932601928
1284,2022-07-24,22609.1640625,-0.9464430809020996
1285,2022-07-25,21361.701171875,-0.9062885642051696
1286,2022-07-26,21239.75390625,-0.8735529780387878
1287,2022-07-27,22930.548828125,0.9329121708869934
1288,2022-07-28,23843.88671875,-0.9494777321815492
1289,2022-07-29,23804.6328125,-0.8914344906806946
1290,2022-07-30,23656.20703125,0.0
1291,2022-07-31,23336.896484375,-0.9498287439346312
1292,2022-08-01,23314.19921875,-0.9682586789131165
1293,2022-08-02,22978.1171875,0.0
1294,2022-08-03,22846.5078125,0.7896178364753723
1295,2022-08-04,22630.95703125,0.8209181427955627
1296,2022-08-05,23289.314453125,-0.9542919397354126
1297,2022-08-06,22961.279296875,0.0
1298,2022-08-07,23175.890625,0.948088765144348
1299,2022-08-08,23809.486328125,-0.9479804635047911
1300,2022-08-09,23164.318359375,0.0
1301,2022-08-10,23947.642578125,0.0
1302,2022-08-11,23957.529296875,0.0
1303,2022-08-12,24402.818359375,-0.9561726450920104
1304,2022-08-13,24424.068359375,0.0
1305,2022-08-14,24319.333984375,0.0
1306,2022-08-15,24136.97265625,-0.9314214587211608
1307,2022-08-16,23883.291015625,-0.9412447810173036
1308,2022-08-17,23335.998046875,0.6678927540779114
1309,2022-08-18,23212.73828125,-0.9725720286369324
1310,2022-08-19,20877.552734375,-0.9700541496276855
1311,2022-08-20,21166.060546875,0.0
1312,2022-08-21,21534.12109375,0.0
1313,2022-08-22,21398.908203125,-0.7383031845092773
1314,2022-08-23,21528.087890625,0.8737962245941162
1315,2022-08-24,21395.01953125,-0.7846966981887817
1316,2022-08-25,21600.904296875,0.9039865136146544
1317,2022-08-26,20260.01953125,-0.974421203136444
1318,2022-08-27,20041.73828125,0.0
1319,2022-08-28,19616.814453125,0.0
1320,2022-08-29,20297.994140625,0.0
1321,2022-08-30,19796.80859375,0.0
1322,2022-08-31,20049.763671875,0.0
1323,2022-09-01,20127.140625,-0.9545749425888062
1324,2022-09-02,19969.771484375,-0.6576164364814758
1325,2022-09-03,19832.087890625,0.0
1326,2022-09-04,19986.712890625,0.9119709730148317
1327,2022-09-05,19812.37109375,0.8755054473876953
1328,2022-09-06,18837.66796875,0.0
1329,2022-09-07,19290.32421875,0.0
1330,2022-09-08,19329.833984375,0.0
1331,2022-09-09,21381.15234375,0.0
1332,2022-09-10,21680.5390625,0.0
1333,2022-09-11,21769.255859375,0.0
1334,2022-09-12,22370.44921875,0.5822322368621826
1335,2022-09-13,20296.70703125,0.4128786027431488
1336,2022-09-14,20241.08984375,0.0
1337,2022-09-15,19701.2109375,0.8604763746261597
1338,2022-09-16,19772.583984375,-0.9679241180419922
1339,2022-09-17,20127.576171875,-0.8033913969993591
1340,2022-09-18,19419.505859375,0.0
1341,2022-09-19,19544.12890625,0.7790781855583191
1342,2022-09-20,18890.7890625,-0.8391661047935486
1343,2022-09-21,18547.400390625,-0.971518576145172
1344,2022-09-22,19413.55078125,0.8536538481712341
1345,2022-09-23,19297.638671875,-0.4709688127040863
1346,2022-09-24,18937.01171875,0.0
1347,2022-09-25,18802.09765625,0.0
1348,2022-09-26,19222.671875,-0.4613781273365021
1349,2022-09-27,19110.546875,0.8389788269996643
1350,2022-09-28,19426.720703125,-0.9394178986549376
1351,2022-09-29,19573.05078125,0.0
1352,2022-09-30,19431.7890625,0.0
1353,2022-10-01,19312.095703125,0.0
1354,2022-10-02,19044.107421875,0.0
1355,2022-10-03,19623.580078125,-0.9746784567832948
1356,2022-10-04,20336.84375,0.0
1357,2022-10-05,20160.716796875,0.8350229263305664
1358,2022-10-06,19955.443359375,0.9529860019683838
1359,2022-10-07,19546.849609375,0.0
1360,2022-10-08,19416.568359375,-0.5563814043998718
1361,2022-10-09,19446.42578125,-0.6033465266227722
1362,2022-10-10,19141.484375,0.0
1363,2022-10-11,19051.41796875,0.0
1364,2022-10-12,19157.4453125,-0.7954567074775696
1365,2022-10-13,19382.904296875,0.7155893445014954
1366,2022-10-14,19185.65625,0.884861946105957
1367,2022-10-15,19067.634765625,0.0
1368,2022-10-16,19268.09375,0.0
1369,2022-10-17,19550.7578125,0.0
1370,2022-10-18,19334.416015625,0.6666240692138672
1371,2022-10-19,19139.53515625,0.0
1372,2022-10-20,19053.740234375,-0.965817391872406
1373,2022-10-21,19172.46875,-0.95122092962265
1374,2022-10-22,19208.189453125,0.0
1375,2022-10-23,19567.0078125,0.0
1376,2022-10-25,20095.857421875,-0.6878969669342041
1377,2022-10-26,20770.44140625,0.0
1378,2022-10-27,20285.8359375,-0.8329317569732666
1379,2022-10-28,20595.3515625,-0.9171948432922364
1380,2022-10-29,20818.4765625,0.0
1381,2022-10-30,20635.603515625,0.8708522319793701
1382,2022-10-31,20495.7734375,0.0
1383,2022-11-01,20485.2734375,0.0
1384,2022-11-02,20159.50390625,0.0
1385,2022-11-03,20209.98828125,0.7967009544372559
1386,2022-11-04,21147.23046875,-0.9029171466827391
1387,2022-11-05,21282.69140625,0.947986364364624
1388,2022-11-06,20926.486328125,0.0
1389,2022-11-07,20602.81640625,0.5550960898399353
1390,2022-11-08,18541.271484375,-0.9588302969932556
1391,2022-11-09,15880.7802734375,-0.9745453000068665
1392,2022-11-10,17586.771484375,-0.8776503205299377
1393,2022-11-11,17034.29296875,0.5174160599708557
1394,2022-11-12,16799.185546875,-0.4976167380809784
1395,2022-11-13,16353.365234375,0.0
1396,2022-11-14,16618.19921875,-0.9313241243362428
1397,2022-11-15,16884.61328125,-0.7927777171134949
1398,2022-11-16,16669.439453125,0.0
1399,2022-11-17,16687.517578125,0.8136186599731445
1400,2022-11-18,16697.77734375,-0.9268682599067688
1401,2022-11-19,16711.546875,0.0
1402,2022-11-20,16291.83203125,0.0
1403,2022-11-21,15787.2841796875,0.0
1404,2022-11-22,16189.76953125,0.95084810256958
1405,2022-11-23,16610.70703125,0.8393628001213074
1406,2022-11-24,16604.46484375,0.6778692007064819
1407,2022-11-25,16521.841796875,0.0
1408,2022-11-26,16464.28125,0.0
1409,2022-11-27,16444.626953125,0.0
1410,2022-11-28,16217.322265625,0.0
1411,2022-11-29,16444.982421875,0.0
1412,2022-11-30,17168.56640625,0.0
1413,2022-12-01,16967.1328125,-0.6507658362388611
1414,2022-12-02,17088.66015625,-0.5929732918739319
1415,2022-12-03,16908.236328125,-0.8706251382827759
1416,2022-12-04,17130.486328125,0.0
1417,2022-12-05,16974.826171875,0.0
1418,2022-12-07,16848.126953125,0.9132708311080932
1419,2022-12-08,17233.474609375,0.673473060131073
1420,2022-12-09,17133.15234375,0.0
1421,2022-12-10,17128.724609375,0.7446357011795044
1422,2022-12-11,17104.193359375,0.0
1423,2022-12-12,17206.4375,-0.9652526378631592
1424,2022-12-13,17781.318359375,0.7444719076156616
1425,2022-12-14,17815.650390625,-0.9700626730918884
1426,2022-12-15,17364.865234375,0.6939268112182617
1427,2022-12-16,16647.484375,-0.9352596998214722
1428,2022-12-17,16795.091796875,0.0
1429,2022-12-18,16757.9765625,-0.7956441044807434
1430,2022-12-19,16439.6796875,0.9410256743431092
1431,2022-12-20,16906.3046875,0.8396985530853271
1432,2022-12-21,16817.53515625,0.0
1433,2022-12-22,16830.341796875,0.0
1434,2022-12-23,16796.953125,0.0
1435,2022-12-24,16847.755859375,0.0
1436,2022-12-25,16841.986328125,0.0
1437,2022-12-26,16919.8046875,-0.9050130844116212
1438,2022-12-27,16717.173828125,0.5881495475769043
1439,2022-12-28,16552.572265625,-0.9464049339294434
1440,2022-12-29,16642.341796875,0.0
1441,2022-12-30,16602.5859375,0.5874567627906799
1442,2022-12-31,16547.49609375,0.8786700963973999
1443,2023-01-01,16625.080078125,0.0
1444,2023-01-02,16688.470703125,0.0
1445,2023-01-03,16679.857421875,0.0
1446,2023-01-04,16863.23828125,0.940407693386078
1447,2023-01-05,16836.736328125,0.7840607762336731
1448,2023-01-06,16951.96875,0.778295636177063
1449,2023-01-07,16955.078125,0.0
1450,2023-01-08,17091.14453125,0.0
1451,2023-01-09,17196.5546875,-0.7690153121948242
1452,2023-01-10,17446.29296875,-0.9641662836074828
1453,2023-01-11,17934.896484375,-0.9746906757354736
1454,2023-01-12,18869.587890625,0.0
1455,2023-01-13,19909.57421875,-0.9206432700157166
1456,2023-01-14,20976.298828125,0.9480783939361572
1457,2023-01-15,20880.798828125,0.0
1458,2023-01-16,21169.6328125,0.9137753248214722
1459,2023-01-17,21161.51953125,0.8193837404251099
1460,2023-01-18,20688.78125,0.0
1461,2023-01-19,21086.79296875,0.8815059661865234
1462,2023-01-20,22676.552734375,0.0
1463,2023-01-21,22777.625,0.0
1464,2023-01-22,22720.416015625,0.0
1465,2023-01-23,22934.431640625,0.9467047452926636
1466,2023-01-24,22636.46875,0.9158157110214232
1467,2023-01-25,23117.859375,-0.8719427585601807
1468,2023-01-26,23032.77734375,0.0
1469,2023-01-27,23078.728515625,0.7078275680541992
1470,2023-01-28,23031.08984375,0.0
1471,2023-01-29,23774.56640625,0.0
1472,2023-01-30,22840.138671875,-0.6875035166740417
1473,2023-01-31,23139.283203125,-0.8275284767150879
1474,2023-02-01,23723.76953125,0.8630538582801819
1475,2023-02-02,23471.87109375,0.5413523316383362
1476,2023-02-03,23449.322265625,0.0
1477,2023-02-04,23331.84765625,-0.8810487389564514
1478,2023-02-05,22955.666015625,0.0
1479,2023-02-06,22760.109375,0.0
1480,2023-02-07,23264.291015625,-0.8181127309799194
1481,2023-02-08,22939.3984375,-0.87739098072052
1482,2023-02-09,21819.0390625,0.9264698028564452
1483,2023-02-10,21651.18359375,-0.7397117018699646
1484,2023-02-11,21870.875,-0.5877737402915955
1485,2023-02-12,21788.203125,0.0
1486,2023-02-13,21808.1015625,0.0
1487,2023-02-14,22220.8046875,0.8400014638900757
1488,2023-02-15,24307.841796875,0.7066288590431213
1489,2023-02-16,23623.474609375,0.942344844341278
1490,2023-02-17,24565.6015625,0.9431076645851136
1491,2023-02-18,24641.27734375,0.938784658908844
1492,2023-02-19,24327.642578125,0.0
1493,2023-02-20,24829.1484375,0.0
1494,2023-02-21,24436.353515625,-0.6979509592056274
1495,2023-02-22,24188.84375,-0.4366353154182434
1496,2023-02-23,23947.4921875,0.0
1497,2023-02-24,23198.126953125,0.9373969435691832
1498,2023-02-25,23175.375,0.0
1499,2023-02-26,23561.212890625,0.659659206867218
1500,2023-02-27,23522.87109375,0.0
1501,2023-02-28,23147.353515625,0.0
1502,2023-03-01,23646.55078125,0.0
1503,2023-03-02,23475.466796875,0.0
1504,2023-03-03,22362.6796875,0.90265291929245
1505,2023-03-04,22353.349609375,0.0
1506,2023-03-05,22435.513671875,0.0
1507,2023-03-06,22429.7578125,0.8338118195533752
1508,2023-03-07,22219.76953125,0.0
1509,2023-03-08,21718.080078125,0.5458340644836426
1510,2023-03-09,20363.021484375,-0.9415261149406432
1511,2023-03-10,20187.244140625,0.0
1512,2023-03-11,20632.41015625,0.7103103995323181
1513,2023-03-12,22163.94921875,0.9355704188346864
1514,2023-03-13,24197.533203125,-0.7957677245140076
1515,2023-03-14,24746.07421875,0.0
1516,2023-03-15,24375.9609375,-0.9379842281341552
1517,2023-03-16,25052.7890625,-0.969287097454071
1518,2023-03-17,27423.9296875,0.9436416625976562
1519,2023-03-18,26965.87890625,0.0
1520,2023-03-19,28038.67578125,0.0
1521,2023-03-20,27767.236328125,0.0
1522,2023-03-21,28175.81640625,0.6099230647087097
1523,2023-03-22,27307.4375,0.0
1524,2023-03-23,28333.97265625,-0.7900800704956055
1525,2023-03-24,27493.28515625,0.8631400465965271
1526,2023-03-25,27494.70703125,0.6960296630859375
1527,2023-03-26,27994.330078125,0.0
1528,2023-03-28,27268.130859375,0.7021697759628296
1529,2023-03-29,28348.44140625,-0.8009839653968811
1530,2023-03-30,28033.5625,0.0
1531,2023-03-31,28478.484375,0.8889184594154358
1532,2023-04-01,28411.03515625,0.0
1533,2023-04-02,28199.30859375,0.0
1534,2023-04-03,27790.220703125,0.8321014046669006
1535,2023-04-04,28168.08984375,0.951037049293518
1536,2023-04-05,28177.984375,0.0
1537,2023-04-06,28044.140625,0.0
1538,2023-04-07,27925.859375,0.0
1539,2023-04-08,27947.794921875,0.0
1540,2023-04-09,28333.05078125,0.0
1541,2023-04-10,29652.98046875,0.8879607915878296
1542,2023-04-11,30235.05859375,0.941059708595276
1543,2023-04-12,30139.052734375,0.0
1544,2023-04-13,30399.06640625,0.0
1545,2023-04-14,30485.69921875,0.0
1546,2023-04-15,30318.49609375,-0.5002933740615845
1547,2023-04-16,30315.35546875,0.0
1548,2023-04-17,29445.044921875,-0.913642406463623
1549,2023-04-18,30397.552734375,0.0
1550,2023-04-19,28822.6796875,0.0
1551,2023-04-20,28245.98828125,-0.9696950912475586
1552,2023-04-21,27276.91015625,-0.9591556191444396
1553,2023-04-22,27817.5,0.0
1554,2023-04-23,27591.384765625,0.0
1555,2023-04-24,27525.33984375,0.9255679249763488
1556,2023-04-25,28307.59765625,-0.8660137057304382
1557,2023-04-26,28422.701171875,0.0
1558,2023-04-27,29473.787109375,0.0
1559,2023-04-28,29340.26171875,0.8456839323043823
1560,2023-04-29,29248.48828125,0.0
1561,2023-04-30,29268.806640625,0.5845147967338562
1562,2023-05-01,28091.568359375,0.8823183178901672
1563,2023-05-02,28680.537109375,0.0
1564,2023-05-03,29006.30859375,0.0
1565,2023-05-04,28847.7109375,0.9510385394096376
1566,2023-05-05,29534.384765625,-0.4603157341480255
1567,2023-05-06,28904.623046875,0.0
1568,2023-05-07,28454.978515625,-0.9559818506240844
1569,2023-05-08,27694.2734375,-0.9053570032119752
1570,2023-05-09,27658.775390625,0.5634080767631531
1571,2023-05-10,27621.755859375,-0.7447755932807922
1572,2023-05-11,27000.7890625,0.9437092542648317
1573,2023-05-12,26804.990234375,0.0
1574,2023-05-13,26784.078125,0.0
1575,2023-05-14,26930.638671875,0.0
1576,2023-05-15,27192.693359375,-0.8350683450698853
1577,2023-05-16,27036.650390625,0.5162585973739624
1578,2023-05-17,27398.802734375,0.0
1579,2023-05-18,26832.208984375,0.0
1580,2023-05-19,26890.12890625,0.0
1581,2023-05-20,27129.5859375,0.0
1582,2023-05-21,26753.826171875,0.8121930360794067
1583,2023-05-22,26851.27734375,0.9364635348320008
1584,2023-05-23,27225.7265625,0.8531543016433716
1585,2023-05-24,26334.818359375,0.0
1586,2023-05-25,26476.20703125,0.8289123773574829
1587,2023-05-26,26719.291015625,0.9263563752174376
1588,2023-05-27,26868.353515625,0.0
1589,2023-05-28,28085.646484375,0.0
1590,2023-05-29,27745.884765625,0.0
1591,2023-05-30,27702.349609375,0.9270486235618592
1592,2023-05-31,27219.658203125,0.8483611941337585
1593,2023-06-01,26819.97265625,-0.9440972208976746
1594,2023-06-02,27249.58984375,-0.9723544716835022
1595,2023-06-03,27075.12890625,0.0
1596,2023-06-04,27119.06640625,0.0
1597,2023-06-05,25760.09765625,-0.970434069633484
1598,2023-06-06,27238.783203125,-0.8622535467147827
1599,2023-06-07,26345.998046875,0.0
1600,2023-06-08,26508.216796875,-0.8405566215515137
1601,2023-06-09,26480.375,-0.6263161301612854
1602,2023-06-10,25851.240234375,0.9261666536331176
1603,2023-06-11,25940.16796875,-0.8743046522140503
1604,2023-06-12,25902.5,0.6163743138313293
1605,2023-06-13,25918.728515625,-0.5415536165237427
1606,2023-06-15,25576.39453125,0.0
1607,2023-06-16,26327.462890625,0.9488673806190492
1608,2023-06-17,26510.67578125,0.0
1609,2023-06-18,26336.212890625,0.0
1610,2023-06-19,26851.029296875,-0.8806577920913696
1611,2023-06-20,28327.48828125,0.9252464175224304
1612,2023-06-21,30027.296875,0.9521243572235109
1613,2023-06-22,29912.28125,0.9265615940093994
1614,2023-06-23,30695.46875,0.5797771215438843
1615,2023-06-24,30548.6953125,0.0
1616,2023-06-25,30480.26171875,0.0
1617,2023-06-26,30271.130859375,0.9433251023292542
1618,2023-06-27,30688.1640625,-0.7026949524879456
1619,2023-06-28,30086.24609375,0.8384050726890564
1620,2023-06-29,30445.3515625,0.0
1621,2023-06-30,30477.251953125,-0.923037588596344
1622,2023-07-01,30590.078125,0.0
1623,2023-07-02,30620.76953125,0.0
1624,2023-07-03,31156.439453125,0.6546627879142761
1625,2023-07-04,30777.58203125,0.942126452922821
1626,2023-07-05,30514.166015625,0.5950843095779419
1627,2023-07-06,29909.337890625,0.0
1628,2023-07-07,30342.265625,0.952567458152771
1629,2023-07-08,30292.541015625,0.0
1630,2023-07-09,30171.234375,0.0
1631,2023-07-10,30414.470703125,-0.9678043723106384
1632,2023-07-11,30620.951171875,-0.5192329287528992
1633,2023-07-12,30391.646484375,0.8951607942581177
1634,2023-07-13,31476.048828125,0.4276250302791595
1635,2023-07-14,30334.068359375,0.0
1636,2023-07-15,30295.806640625,0.0
1637,2023-07-16,30249.1328125,0.0
1638,2023-07-17,30145.888671875,-0.9629665017127992
1639,2023-07-18,29856.5625,-0.8743871450424194
1640,2023-07-19,29913.923828125,0.7888045907020569
1641,2023-07-20,29792.015625,0.0
1642,2023-07-21,29908.744140625,0.94215190410614
1643,2023-07-22,29771.802734375,0.0
1644,2023-07-23,30084.5390625,0.0
1645,2023-07-24,29176.916015625,0.0
1646,2023-07-25,29227.390625,0.0
1647,2023-07-26,29354.97265625,0.7794160842895508
1648,2023-07-27,29210.689453125,0.9465031027793884
1649,2023-07-28,29319.24609375,0.5237635374069214
1650,2023-07-29,29356.91796875,0.0
1651,2023-07-30,29275.30859375,0.0
1652,2023-07-31,29230.111328125,-0.8668451905250549
1653,2023-08-01,29675.732421875,0.0
1654,2023-08-02,29151.958984375,0.6804090738296509
1655,2023-08-03,29178.6796875,0.0
1656,2023-08-04,29074.091796875,-0.8239869475364685
1657,2023-08-05,29042.126953125,0.0
1658,2023-08-06,29041.85546875,0.0
1659,2023-08-07,29180.578125,0.9528838396072388
1660,2023-08-09,29561.494140625,0.9162842631340028
1661,2023-08-10,29429.591796875,0.763962984085083
1662,2023-08-11,29397.71484375,0.8925334811210632
1663,2023-08-12,29415.96484375,-0.5341864824295044
1664,2023-08-13,29282.9140625,-0.8874513506889343
1665,2023-08-14,29408.443359375,-0.7674130201339722
1666,2023-08-15,29170.34765625,0.0
1667,2023-08-16,28701.779296875,-0.975166082382202
1668,2023-08-17,26664.55078125,-0.9278410077095032
1669,2023-08-18,26049.556640625,-0.9664286971092224
1670,2023-08-19,26096.205078125,0.0
1671,2023-08-20,26189.583984375,0.0
1672,2023-08-21,26124.140625,-0.7311771512031555
1673,2023-08-22,26031.65625,0.7966955304145813
1674,2023-08-23,26431.640625,0.0
1675,2023-08-24,26162.373046875,0.944129765033722
1676,2023-08-25,26047.66796875,0.7531594038009644
1677,2023-08-26,26008.462890625,0.0
1678,2023-08-27,26089.693359375,0.0
1679,2023-08-28,26106.150390625,0.0
1680,2023-08-29,27727.392578125,-0.5404655933380127
1681,2023-08-30,27297.265625,0.0
1682,2023-08-31,25931.47265625,0.0
1683,2023-09-01,25800.724609375,0.937416970729828
1684,2023-09-02,25868.798828125,0.0
1685,2023-09-03,25969.56640625,-0.4839485287666321
1686,2023-09-04,25812.416015625,0.0
1687,2023-09-05,25779.982421875,0.0
1688,2023-09-06,25753.236328125,0.0
1689,2023-09-07,26240.1953125,-0.9537697434425354
1690,2023-09-08,25905.654296875,0.9218151569366456
1691,2023-09-09,25895.677734375,0.0
1692,2023-09-10,25832.2265625,0.0
1693,2023-09-11,25162.654296875,-0.9307786226272584
1694,2023-09-12,25833.34375,0.8454701900482178
1695,2023-09-13,26228.32421875,0.7025584578514099
1696,2023-09-14,26539.673828125,0.0
1697,2023-09-15,26608.693359375,0.5700854659080505
1698,2023-09-16,26568.28125,0.0
1699,2023-09-17,26534.1875,-0.9239705204963684
1700,2023-09-18,26754.28125,0.9451072216033936
1701,2023-09-19,27211.1171875,0.0
1702,2023-09-20,27132.0078125,0.8525117039680481
1703,2023-09-21,26567.6328125,-0.9728097915649414
1704,2023-09-22,26579.568359375,0.0
1705,2023-09-23,26579.390625,0.0
1706,2023-09-24,26256.826171875,0.0
1707,2023-09-25,26298.48046875,0.709398090839386
1708,2023-09-26,26217.25,0.0
1709,2023-09-27,26352.716796875,0.942474126815796
1710,2023-09-28,27021.546875,0.826566219329834
1711,2023-09-29,26911.720703125,0.937773823738098
1712,2023-09-30,26967.916015625,0.0
1713,2023-10-01,27983.75,0.0
1714,2023-10-02,27530.78515625,0.8495872020721436
1715,2023-10-03,27429.978515625,0.0
1716,2023-10-04,27799.39453125,-0.6398267149925232
1717,2023-10-05,27415.912109375,0.0
1718,2023-10-06,27946.59765625,-0.9726870656013488
1719,2023-10-07,27968.83984375,0.0
1720,2023-10-08,27935.08984375,0.8497522473335266
1721,2023-10-09,27583.677734375,0.6449848413467407
1722,2023-10-10,27391.01953125,-0.966684877872467
1723,2023-10-11,26873.3203125,0.0
1724,2023-10-12,26756.798828125,-0.7517051100730896
1725,2023-10-13,26862.375,-0.8953357338905334
1726,2023-10-14,26861.70703125,0.0
1727,2023-10-15,27159.65234375,0.0
1728,2023-10-16,28519.466796875,0.0
1729,2023-10-17,28415.748046875,0.0
1730,2023-10-18,28328.341796875,0.788292407989502
1731,2023-10-19,28719.806640625,0.0
1732,2023-10-20,29682.94921875,0.9428012371063232
1733,2023-10-21,29918.412109375,0.0
1734,2023-10-22,29993.896484375,0.6995130181312561
1735,2023-10-23,33086.234375,0.0
1736,2023-10-24,33901.52734375,0.8310360312461853
1737,2023-10-25,34502.8203125,0.0
1738,2023-10-26,34156.6484375,0.9373407363891602
1739,2023-10-27,33909.80078125,0.9097947478294371
1740,2023-10-28,34089.57421875,0.0
1741,2023-10-29,34538.48046875,0.0
1742,2023-10-30,34502.36328125,0.0
1743,2023-10-31,34667.78125,0.9110488295555116
1744,2023-11-01,35437.25390625,0.9324404001235962
1745,2023-11-02,34938.2421875,0.9487860202789308
1746,2023-11-03,34732.32421875,0.9086782932281494
1747,2023-11-04,35082.1953125,0.0
1748,2023-11-05,35049.35546875,0.0
1749,2023-11-06,35037.37109375,0.891399085521698
1750,2023-11-07,35443.5625,0.0
1751,2023-11-08,35655.27734375,0.9515287280082704
1752,2023-11-09,36693.125,0.0
1753,2023-11-10,37313.96875,0.0
1754,2023-11-11,37138.05078125,0.0
1755,2023-11-12,37054.51953125,0.0
1756,2023-11-13,36502.35546875,0.575964093208313
1757,2023-11-14,35537.640625,-0.972274124622345
1758,2023-11-15,37880.58203125,0.6808307766914368
1759,2023-11-16,36154.76953125,0.6508634686470032
1760,2023-11-17,36596.68359375,0.0
1761,2023-11-18,36585.703125,0.0
1762,2023-11-19,37386.546875,-0.9109216928482056
1763,2023-11-20,37476.95703125,0.9420649409294128
1764,2023-11-21,35813.8125,-0.972247838973999
1765,2023-11-22,37432.33984375,0.9371162056922911
1766,2023-11-23,37289.62109375,0.0
1767,2023-11-24,37720.28125,0.940893530845642
1768,2023-11-25,37796.79296875,0.0
1769,2023-11-26,37479.12109375,0.0
1770,2023-11-27,37254.16796875,0.9095633625984192
1771,2023-11-28,37831.0859375,0.6798504590988159
1772,2023-11-29,37858.4921875,0.0
1773,2023-11-30,37712.74609375,0.9247629642486572
1774,2023-12-01,38688.75,0.908278226852417
1775,2023-12-02,39476.33203125,0.0
1776,2023-12-03,39978.390625,0.9473947286605836
1777,2023-12-04,41980.09765625,0.0
1778,2023-12-05,44080.6484375,0.9510788917541504
1779,2023-12-06,43746.4453125,0.4992517828941345
1780,2023-12-07,43292.6640625,0.0
1781,2023-12-08,44166.6015625,0.6492777466773987
1782,2023-12-09,43725.984375,0.0
1783,2023-12-10,43779.69921875,0.0
1784,2023-12-11,41243.83203125,-0.9392367601394652
1785,2023-12-12,41450.22265625,0.0
1786,2023-12-13,42890.7421875,0.0
1787,2023-12-14,43023.97265625,0.9460417628288268
1788,2023-12-15,41929.7578125,0.950822651386261
1789,2023-12-16,42240.1171875,0.0
1790,2023-12-17,41364.6640625,-0.83849036693573
1791,2023-12-18,42623.5390625,-0.8271846175193787
1792,2023-12-19,42270.52734375,0.8453994393348694
1793,2023-12-20,43652.25,0.8472223877906799
1794,2023-12-21,43869.15234375,0.8015325665473938
1795,2023-12-22,43997.90234375,0.8959400653839111
1796,2023-12-23,43739.54296875,0.0
1797,2023-12-24,43016.1171875,0.0
1798,2023-12-25,43613.140625,0.0
1799,2023-12-26,42520.40234375,-0.9747033715248108
1800,2023-12-27,43442.85546875,0.9368507862091064
1801,2023-12-28,42627.85546875,-0.96632581949234
1802,2023-12-29,42099.40234375,0.0
1803,2023-12-30,42156.90234375,0.0
1804,2023-12-31,42265.1875,0.0
1805,2024-01-01,44167.33203125,0.0
1806,2024-01-02,44957.96875,0.9403051733970642
1807,2024-01-03,42848.17578125,0.0
1808,2024-01-04,44179.921875,0.6545866131782532
1809,2024-01-05,44162.69140625,0.0
1810,2024-01-06,43989.1953125,0.0
1811,2024-01-07,43943.09765625,0.0
1812,2024-01-08,46970.50390625,-0.5160714983940125
1813,2024-01-09,46139.73046875,-0.9732195138931274
1814,2024-01-10,46627.77734375,0.0
1815,2024-01-11,46368.5859375,0.0
1816,2024-01-12,42853.16796875,-0.4919117093086242
1817,2024-01-13,42842.3828125,0.0
1818,2024-01-14,41796.26953125,0.0
1819,2024-01-15,42511.96875,0.9292072653770448
1820,2024-01-17,42742.65234375,-0.9552168250083924
1821,2024-01-18,41262.05859375,0.0
1822,2024-01-19,41618.40625,0.0
1823,2024-01-20,41665.5859375,-0.7683250904083252
1824,2024-01-21,41545.78515625,0.0
1825,2024-01-22,39507.3671875,-0.7932828068733215
1826,2024-01-23,39845.55078125,-0.9731251001358032
1827,2024-01-24,40077.07421875,-0.9691364765167236
1828,2024-01-25,39933.80859375,0.0
1829,2024-01-26,41816.87109375,-0.930277407169342
1830,2024-01-27,42120.0546875,0.0
1831,2024-01-28,42035.59375,0.0
1832,2024-01-29,43288.24609375,0.9384544491767884
1833,2024-01-30,42952.609375,0.4672173857688904
1834,2024-01-31,42582.60546875,-0.4723114669322967
1835,2024-02-01,43075.7734375,0.0
1836,2024-02-02,43185.859375,0.0
1837,2024-02-03,42992.25,0.0
1838,2024-02-04,42583.58203125,0.0
1839,2024-02-05,42658.66796875,0.0
1840,2024-02-06,43084.671875,-0.974385678768158
1841,2024-02-07,44318.22265625,0.6812149882316589
1842,2024-02-08,45301.56640625,0.8812544345855713
1843,2024-02-09,47147.19921875,0.9504948258399964
1844,2024-02-10,47771.27734375,0.0
1845,2024-02-11,48293.91796875,0.0
1846,2024-02-12,49958.22265625,0.5141602754592896
1847,2024-02-13,49742.44140625,0.0
1848,2024-02-14,51826.6953125,0.8558272123336792
1849,2024-02-15,51938.5546875,0.9354494214057922
1850,2024-02-16,52160.203125,0.9464266300201416
1851,2024-02-17,51662.99609375,0.0
1852,2024-02-18,52122.546875,0.0
1853,2024-02-19,51779.14453125,0.942429780960083
1854,2024-02-20,52284.875,0.0
1855,2024-02-21,51839.1796875,0.8725398778915405
1856,2024-02-22,51304.97265625,-0.8235753774642944
1857,2024-02-23,50731.94921875,0.6710138320922852
1858,2024-02-24,51571.1015625,0.0
1859,2024-02-25,51733.23828125,0.0
1860,2024-02-26,54522.40234375,0.0
1861,2024-02-27,57085.37109375,0.0
1862,2024-02-28,62504.7890625,-0.8896139860153198
1863,2024-02-29,61198.3828125,-0.9285292625427246
1864,2024-03-01,62440.6328125,0.7025244832038879
1865,2024-03-02,62029.84765625,0.0
1866,2024-03-03,63167.37109375,0.0
1867,2024-03-04,68330.4140625,-0.7263943552970886
1868,2024-03-05,63801.19921875,0.8598961234092712
1869,2024-03-06,66106.8046875,0.6534104943275452
1870,2024-03-07,66925.484375,0.7647449970245361
1871,2024-03-08,68300.09375,0.7489430904388428
1872,2024-03-09,68498.8828125,0.0
1873,2024-03-10,69019.7890625,0.781907856464386
1874,2024-03-11,72123.90625,0.9473403692245485
1875,2024-03-12,71481.2890625,0.0
1876,2024-03-13,73083.5,0.8993045091629028
1877,2024-03-14,71396.59375,-0.5815900564193726
1878,2024-03-15,69403.7734375,0.5477415323257446
1879,2024-03-16,65315.1171875,0.0
1880,2024-03-17,68390.625,0.0
1881,2024-03-18,67548.59375,0.0
1882,2024-03-19,61912.7734375,0.0
1883,2024-03-20,67913.671875,0.0
1884,2024-03-21,65491.390625,0.0
1885,2024-03-22,63778.76171875,0.0
1886,2024-03-23,64062.203125,0.0
1887,2024-03-24,67234.171875,0.0
1888,2024-03-25,69958.8125,0.0
1889,2024-03-26,69987.8359375,0.0
1890,2024-03-27,69455.34375,0.0
1891,2024-03-28,70744.953125,0.5396977066993713
1892,2024-03-29,69892.828125,-0.964970588684082
1893,2024-03-30,69645.3046875,0.0
1894,2024-03-31,71333.6484375,0.0
1895,2024-04-01,69702.1484375,0.0
1896,2024-04-02,65446.97265625,-0.9178555607795716
1897,2024-04-03,65980.8125,-0.7820746898651123
1898,2024-04-04,68508.84375,0.5018844604492188
1899,2024-04-05,67837.640625,0.0
1900,2024-04-06,68896.109375,0.0
1901,2024-04-07,69362.5546875,0.0
1902,2024-04-08,71631.359375,0.9500613212585448
1903,2024-04-09,69139.015625,0.0
1904,2024-04-10,70587.8828125,0.0
1905,2024-04-11,70060.609375,0.9274207949638368
1906,2024-04-12,67195.8671875,0.0
1907,2024-04-13,63821.47265625,-0.9700848460197448
1908,2024-04-14,65738.7265625,-0.9676795601844788
1909,2024-04-15,63426.2109375,-0.7834900617599487
1910,2024-04-16,63811.86328125,0.4459386765956878
1911,2024-04-17,61276.69140625,0.0
1912,2024-04-18,63512.75390625,0.0
1913,2024-04-19,63843.5703125,0.6601815819740295
1914,2024-04-20,64994.44140625,-0.603961706161499
1915,2024-04-21,64926.64453125,-0.6357028484344482
1916,2024-04-22,66837.6796875,0.8827860951423645
1917,2024-04-23,66407.2734375,0.0
1918,2024-04-24,64276.8984375,0.0
1919,2024-04-25,64481.70703125,-0.968696355819702
1920,2024-04-26,63755.3203125,0.7099429368972778
1921,2024-04-27,63419.140625,0.0
1922,2024-04-28,63113.23046875,0.0
1923,2024-04-29,63841.12109375,0.0
1924,2024-04-30,60636.85546875,0.9266307950019836
1925,2024-05-01,58254.01171875,0.7815701365470886
1926,2024-05-02,59123.43359375,0.0
1927,2024-05-03,62889.8359375,0.8261705636978149
1928,2024-05-04,63891.47265625,-0.6522276997566223
1929,2024-05-05,64031.1328125,0.0
1930,2024-05-06,63161.94921875,0.9553818702697754
1931,2024-05-07,62334.81640625,0.0
1932,2024-05-08,61187.94140625,0.0
1933,2024-05-09,63049.9609375,-0.975234031677246
1934,2024-05-10,60792.77734375,0.0
1935,2024-05-11,60793.7109375,-0.5043215155601501
1936,2024-05-12,61448.39453125,0.0
1937,2024-05-13,62901.44921875,-0.9104461073875428
1938,2024-05-14,61552.7890625,-0.9704861640930176
1939,2024-05-15,66267.4921875,-0.9712400436401368
1940,2024-05-16,65231.58203125,0.9443798661231996
1941,2024-05-17,67051.875,0.0
1942,2024-05-18,66940.8046875,0.0
1943,2024-05-19,66278.3671875,0.0
1944,2024-05-20,71448.1953125,0.948330581188202
1945,2024-05-21,70136.53125,0.9467536807060242
1946,2024-05-22,69122.3359375,0.0
1947,2024-05-23,67929.5625,0.0
1948,2024-05-24,68526.1015625,0.0
1949,2024-05-25,69265.9453125,0.0
1950,2024-05-26,68518.09375,0.0
1951,2024-05-27,69394.5546875,0.9426716566085817
1952,2024-05-28,68296.21875,-0.9522632360458374
1953,2024-05-29,67578.09375,0.847863495349884
1954,2024-05-30,68364.9921875,-0.9598642587661744
1955,2024-05-31,67491.4140625,-0.8520416021347046
1956,2024-06-01,67706.9375,0.0
1957,2024-06-03,68804.78125,0.0
1958,2024-06-04,70567.765625,0.0
1959,2024-06-05,71082.8203125,0.7447028160095215
1960,2024-06-06,70757.1640625,0.0
1961,2024-06-07,69342.5859375,0.9369562864303588
1962,2024-06-08,69305.7734375,0.0
1963,2024-06-09,69647.9921875,0.0
1964,2024-06-10,69512.28125,0.0
1965,2024-06-11,67332.03125,0.0
1966,2024-06-13,66756.3984375,-0.7247142195701599
1967,2024-06-14,66011.09375,0.8879296779632568
1968,2024-06-15,66191.0,0.0
1969,2024-06-16,66639.046875,0.0
1970,2024-06-17,66490.296875,0.0
1971,2024-06-18,65140.74609375,0.7111592888832092
1972,2024-06-19,64960.296875,0.745501697063446
1973,2024-06-20,64828.65625,0.94973486661911
1974,2024-06-21,64096.19921875,0.0
1975,2024-06-22,64252.578125,0.0
1976,2024-06-23,63180.796875,0.0
1977,2024-06-24,60277.4140625,0.8624416589736938
1978,2024-06-25,61804.640625,0.8345257043838501
1979,2024-06-26,60811.27734375,-0.7769497036933899
1980,2024-06-27,61604.80078125,0.0
1981,2024-06-28,60320.13671875,0.0
1982,2024-06-29,60887.37890625,0.0
1983,2024-06-30,62678.29296875,0.0
1984,2024-07-01,62851.98046875,0.0
1985,2024-07-02,62029.015625,0.8853989839553833
1986,2024-07-03,60173.921875,-0.973686933517456
1987,2024-07-04,56977.703125,-0.8891129493713379
1988,2024-07-05,56662.375,-0.9558852314949036
1989,2024-07-06,58303.5390625,0.8008535504341125
1990,2024-07-07,55849.109375,0.0
1991,2024-07-08,56705.09765625,0.9551528692245485
1992,2024-07-09,58009.2265625,0.0
1993,2024-07-10,57742.49609375,0.6100056767463684
1994,2024-07-11,57344.9140625,0.0
1995,2024-07-12,57899.46484375,-0.9728668928146362
1996,2024-07-13,59231.953125,0.0
1997,2024-07-14,60787.79296875,0.7986451983451843
1998,2024-07-15,64870.15234375,0.0
1999,2024-07-16,65097.1484375,0.9511086344718932
2000,2024-07-17,64118.79296875,0.0
2001,2024-07-18,63974.06640625,0.4619350731372833
2002,2024-07-19,66710.15625,0.9481162428855896
2003,2024-07-20,67163.6484375,0.0
2004,2024-07-21,68154.5234375,0.0
2005,2024-07-22,67585.25,-0.9596219062805176
2006,2024-07-23,65927.671875,0.0
2007,2024-07-24,65372.1328125,0.0
2008,2024-07-25,65777.2265625,0.0
2009,2024-07-26,67912.0625,0.0
2010,2024-07-27,67813.3359375,0.0
2011,2024-07-28,68255.8671875,0.0
2012,2024-07-29,66819.9140625,0.7969553470611572
2013,2024-07-30,66201.015625,0.0
2014,2024-07-31,64619.25,0.0
2015,2024-08-01,65357.5,-0.7006289958953857
2016,2024-08-02,61415.06640625,0.8578163385391235
2017,2024-08-03,60680.09375,0.0
2018,2024-08-04,58116.9765625,-0.966949701309204
2019,2024-08-05,53991.45703125,-0.9725788235664368
2020,2024-08-06,56034.31640625,-0.9698057174682616
2021,2024-08-07,55027.4609375,-0.9309011101722716
2022,2024-08-08,61710.13671875,0.8479471206665039
2023,2024-08-09,60880.11328125,0.935375154018402
2024,2024-08-10,60945.8125,0.0
2025,2024-08-11,58719.484375,0.0
2026,2024-08-12,59354.515625,0.0
2027,2024-08-13,60609.56640625,0.8455315232276917
2028,2024-08-14,58737.26953125,0.7821142077445984
2029,2024-08-15,57560.09765625,0.0
2030,2024-08-16,58894.10546875,0.0
2031,2024-08-17,59478.97265625,0.0
2032,2024-08-18,58483.96484375,0.0
2033,2024-08-19,59493.453125,0.6109985709190369
2034,2024-08-20,59012.79296875,0.8926132321357727
2035,2024-08-21,61175.19140625,-0.9747875332832336
2036,2024-08-22,60381.9140625,0.0
2037,2024-08-23,64094.35546875,-0.7218359112739563
2038,2024-08-24,64178.9921875,0.0
2039,2024-08-25,64333.54296875,0.0
2040,2024-08-26,62880.66015625,0.940692663192749
2041,2024-08-27,59504.1328125,0.0
2042,2024-08-28,59027.625,-0.7545486688613892
2043,2024-08-29,59388.1796875,0.9192304015159608
2044,2024-08-30,59119.4765625,-0.9687000513076782
2045,2024-08-31,58969.8984375,0.0
2046,2024-09-01,57325.48828125,0.0
2047,2024-09-02,59112.48046875,0.0
2048,2024-09-03,57431.0234375,0.6583839654922485
2049,2024-09-04,57971.5390625,-0.974272608757019
2050,2024-09-05,56160.48828125,0.0
2051,2024-09-06,53948.75390625,0.0
2052,2024-09-07,54139.6875,0.0
2053,2024-09-08,54841.56640625,0.0
2054,2024-09-09,57019.53515625,0.9027076959609984
2055,2024-09-10,57648.7109375,0.92958801984787
2056,2024-09-11,57343.171875,-0.963436722755432
2057,2024-09-12,58127.01171875,0.0
2058,2024-09-13,60571.30078125,0.4289765954017639
2059,2024-09-14,60005.12109375,0.0
2060,2024-09-15,59182.8359375,0.0
2061,2024-09-16,58192.5078125,0.0
2062,2024-09-17,60308.5390625,0.0
2063,2024-09-18,61649.6796875,0.705551028251648
2064,2024-09-19,62940.45703125,0.7983361482620239
2065,2024-09-20,63192.9765625,0.9282842874526978
2066,2024-09-21,63394.83984375,0.0
2067,2024-09-22,63648.7109375,0.0
2068,2024-09-23,63329.80078125,0.0
2069,2024-09-24,64301.96875,0.0
2070,2024-09-25,63143.14453125,-0.971907675266266
2071,2024-09-26,65181.01953125,0.6881330013275146
2072,2024-09-27,65790.6640625,0.0
2073,2024-09-28,65887.6484375,0.0
2074,2024-09-29,65635.3046875,0.0
2075,2024-09-30,63329.5,0.0
